id_cliente,nombre,ciudad,fecha_alta,mascota,email
C0001,Santiago Suárez,City Bell,2024-02-16,Gato,santiago.suarez.1@hotmail.com
C0002,Franco Álvarez,Gonnet,2026-05-18,Perro,franco.alvarez.2@gmail.com
C0003,Franco Torres,City Bell,2023-11-19,Gato,franco.torres.3@gmail.com
C0004,Agustina Herrera,La Plata,2025-12-26,Gato,agustina.herrera.4@gmail.com
C0005,Bautista Benítez,,2023-11-27,Gato,bautista.benitez.5@yahoo.com.ar
C0006,Martina Martínez,City Bell,2023-04-26,Perro,martina.martinez.6@gmail.com
C0007,Sofía Pérez,Gonnet,2023-02-14,Perro,sofia.perez.7@hotmail.com
C0008,Delfina Sánchez,Los Hornos,2026-02-03,Perro,delfina.sanchez.8@yahoo.com.ar
C0009,Sofía Ruiz,La Plata,2025-03-25,Gato,sofia.ruiz.9@gmail.com
C0010,Mateo Torres,La Plata,2025-10-08,Perro y gato,mateo.torres.10@outlook.com
C0011,Valentina Castro,Gonnet,2025-11-27,Ave,valentina.castro.11@outlook.com
C0012,Bautista Romero,Los Hornos,2026-06-27,Perro,bautista.romero.12@hotmail.com
C0013,Facundo Romero,Villa Elisa,2023-04-05,Otro,facundo.romero.13@outlook.com
C0014,Julieta Silva,Los Hornos,2023-03-20,Gato,julieta.silva.14@yahoo.com.ar
C0015,Agustina Álvarez,City Bell,2026-02-20,Perro,agustina.alvarez.15@gmail.com
C0016,Candela González,City Bell,2025-10-26,Perro,candela.gonzalez.16@outlook.com
C0017,Sofía Pérez,City Bell,2024-01-16,Perro y gato,sofia.perez.17@outlook.com
C0018,Nicolás Suárez,Los Hornos,2024-09-19,Perro y gato,nicolas.suarez.18@gmail.com
C0019,Candela Ruiz,Villa Elisa,2024-07-26,Perro,candela.ruiz.19@gmail.com
C0020,Facundo Pérez,Gonnet,2024-02-20,Gato,facundo.perez.20@yahoo.com.ar
C0021,Franco Rossi,Ringuelet,2023-01-03,Ave,franco.rossi.21@yahoo.com.ar
C0022,Santiago Rossi,Villa Elisa,2023-11-22,Otro,santiago.rossi.22@outlook.com
C0023,Delfina Romero,Los Hornos,2026-02-24,Otro,delfina.romero.23@hotmail.com
C0024,Bruno Silva,La Plata,2023-12-23,Perro y gato,bruno.silva.24@outlook.com
C0025,Julieta Suárez,Gonnet,2025-09-28,Perro y gato,julieta.suarez.25@gmail.com
C0026,Franco Rodríguez,La Plata,2025-01-19,Gato,franco.rodriguez.26@yahoo.com.ar
C0027,Julieta Gómez,La Plata,2026-07-18,Gato,julieta.gomez.27@hotmail.com
C0028,Bruno Benítez,La Plata,2023-01-10,Perro y gato,bruno.benitez.28@outlook.com
C0029,Facundo Díaz,Tolosa,2024-12-28,Ave,facundo.diaz.29@hotmail.com
C0030,Agustina Rossi,Ensenada,2023-01-03,Perro,agustina.rossi.30@yahoo.com.ar
C0031,Bautista Silva,Berisso,2026-05-15,Ave,bautista.silva.31@outlook.com
C0032,Bautista Benítez,,2023-10-03,Perro,bautista.benitez.32@gmail.com
C0033,Martina Rodríguez,Ringuelet,2023-12-24,Perro,martina.rodriguez.33@outlook.com
C0034,Bautista Silva,La Plata,2026-06-07,Perro y gato,bautista.silva.34@yahoo.com.ar
C0035,Santiago Rossi,City Bell,2026-05-19,Perro,santiago.rossi.35@gmail.com
C0036,Candela Álvarez,City Bell,2024-10-27,Gato,candela.alvarez.36@outlook.com
C0037,Joaquín Ruiz,Los Hornos,2025-01-11,Perro y gato,joaquin.ruiz.37@yahoo.com.ar
C0038,Valentina Rossi,Los Hornos,2025-12-03,Otro,valentina.rossi.38@yahoo.com.ar
C0039,Valentina Torres,La Plata,2024-09-09,Perro y gato,valentina.torres.39@yahoo.com.ar
C0040,Malena Gómez,Los Hornos,2025-02-13,Perro,malena.gomez.40@yahoo.com.ar
C0041,Delfina Rossi,Los Hornos,2025-07-14,Perro y gato,delfina.rossi.41@outlook.com
C0042,Benjamín Gómez,Ensenada,2023-07-18,Gato,benjamin.gomez.42@gmail.com
C0043,Joaquín Romero,Los Hornos,2023-02-20,Perro,joaquin.romero.43@outlook.com
C0044,Agustina González,Ensenada,2023-09-27,Perro,agustina.gonzalez.44@gmail.com
C0045,Malena Díaz,City Bell,2024-05-07,Perro y gato,malena.diaz.45@hotmail.com
C0046,Tomás Herrera,Los Hornos,2024-05-18,Perro y gato,tomas.herrera.46@hotmail.com
C0047,Joaquín Pérez,City Bell,2024-12-10,Otro,joaquin.perez.47@yahoo.com.ar
C0048,Camila Herrera,Villa Elisa,2025-11-10,Perro y gato,camila.herrera.48@gmail.com
C0049,Tomás Silva,Villa Elisa,2025-07-03,Ave,tomas.silva.49@hotmail.com
C0050,Delfina Martínez,La Plata,2024-05-01,Gato,delfina.martinez.50@yahoo.com.ar
C0051,Facundo Suárez,Berisso,2023-01-13,Perro,facundo.suarez.51@gmail.com
C0052,Nicolás Torres,La Plata,2024-04-30,Otro,nicolas.torres.52@gmail.com
C0053,Joaquín Castro,Tolosa,2025-06-13,Ave,joaquin.castro.53gmail.com
C0054,Valentina Ruiz,La Plata,2026-02-12,Otro,valentina.ruiz.54@outlook.com
C0055,Mateo Ruiz,City Bell,2025-03-31,Gato,mateo.ruiz.55@gmail.com
C0056,Julieta Sánchez,Los Hornos,2023-11-15,Gato,julieta.sanchez.56@yahoo.com.ar
C0057,Tomás Álvarez,City Bell,2023-12-13,Perro,tomas.alvarez.57@yahoo.com.ar
C0058,Bruno Castro,Gonnet,2025-10-28,Gato,bruno.castro.58@hotmail.com
C0059,Bruno Martínez,Los Hornos,2024-08-11,Gato,bruno.martinez.59@gmail.com
C0060,Julieta Suárez,Gonnet,2026-05-28,Otro,julieta.suarez.60@yahoo.com.ar
C0061,Bautista Acosta,La Plata,2026-03-27,Gato,bautista.acosta.61@gmail.com
C0062,Sofía Castro,Ensenada,2024-10-19,Otro,sofia.castro.62@outlook.com
C0063,Julieta Castro,Los Hornos,2023-06-25,Ave,julieta.castro.63@outlook.com
C0064,Santiago Sánchez,City Bell,2026-05-30,Gato,santiago.sanchez.64@hotmail.com
C0065,Delfina Gómez,Ringuelet,2024-11-27,Perro y gato,delfina.gomez.65@hotmail.com
C0066,Malena Castro,City Bell,2025-07-21,Perro,malena.castro.66@hotmail.com
C0067,Delfina Rodríguez,Berisso,2026-02-19,Perro y gato,delfina.rodriguez.67@hotmail.com
C0068,Joaquín Torres,Los Hornos,2025-07-01,Gato,joaquin.torres.68@gmail.com
C0069,Sofía Ruiz,La Plata,2023-11-05,Perro,sofia.ruiz.69@hotmail.com
C0070,Valentina Benítez,La Plata,2025-11-12,Perro,valentina.benitez.70@hotmail.com
C0071,Julieta Rodríguez,Los Hornos,2023-06-08,Ave,julieta.rodriguez.71@hotmail.com
C0072,Martina Herrera,City Bell,2025-06-05,Ave,martina.herrera.72@yahoo.com.ar
C0073,Valentina González,City Bell,2025-06-28,Perro,valentina.gonzalez.73@gmail.com
C0074,Valentina Rossi,City Bell,2024-11-24,Perro,valentina.rossi.74@yahoo.com.ar
C0075,Malena Rodríguez,Los Hornos,2024-06-17,Perro,malena.rodriguez.75@hotmail.com
C0076,Tomás Benítez,Ensenada,2025-11-19,Otro,tomas.benitez.76@yahoo.com.ar
C0077,Sofía López,Los Hornos,2024-08-23,Otro,sofia.lopez.77@yahoo.com.ar
C0078,Santiago Romero,Berisso,2025-04-16,Gato,
C0079,Tomás Fernández,Los Hornos,2025-05-27,Otro,tomas.fernandez.79@yahoo.com.ar
C0080,Bautista Rossi,La Plata,2026-02-09,Perro,bautista.rossi.80@hotmail.com
C0081,Tomás Rossi,City Bell,2025-09-01,Otro,tomas.rossi.81@yahoo.com.ar
C0082,Delfina Gómez,Tolosa,2023-01-26,Perro,delfina.gomez.82@outlook.com
C0083,Mateo Álvarez,Ensenada,2023-05-03,Perro,mateo.alvarez.83@yahoo.com.ar
C0084,Candela Suárez,Ensenada,2026-04-29,Gato,candela.suarez.84@hotmail.com
C0085,Bruno Rossi,City Bell,2025-03-23,Gato,bruno.rossi.85@hotmail.com
C0086,Candela Álvarez,City Bell,2025-10-18,Perro,candela.alvarez.86@hotmail.com
C0087,Sofía Rossi,City Bell,2024-07-09,Perro,sofia.rossi.87@hotmail.com
C0088,Candela Álvarez,Los Hornos,2025-10-02,Perro y gato,candela.alvarez.88@gmail.com
C0089,Mateo González,,2025-12-28,Gato,mateo.gonzalez.89@gmail.com
C0090,Martina Castro,City Bell,2026-03-02,Ave,martina.castro.90@hotmail.com
C0091,Joaquín Sánchez,City Bell,2024-03-09,Gato,joaquin.sanchez.91@hotmail.com
C0092,Bruno Rossi,La Plata,2026-06-14,Gato,bruno.rossi.92@hotmail.com
C0093,Bautista Pérez,City Bell,2024-06-19,Perro y gato,bautista.perez.93@gmail.com
C0094,Mateo Álvarez,La Plata,2026-01-26,Otro,mateo.alvarez.94@hotmail.com
C0095,Candela Rossi,Los Hornos,2023-03-06,Ave,candela.rossi.95@yahoo.com.ar
C0096,Delfina Pérez,La Plata,2025-05-30,Perro,delfina.perez.96@gmail.com
C0097,Bruno Ruiz,Ensenada,2024-02-07,Gato,bruno.ruiz.97@gmail.com
C0098,Facundo Benítez,City Bell,2026-02-12,Perro y gato,facundo.benitez.98@yahoo.com.ar
C0099,Lucía Gómez,City Bell,2025-03-02,Ave,lucia.gomez.99@hotmail.com
C0100,Candela Benítez,Los Hornos,2025-03-03,Perro,candela.benitez.100@hotmail.com
C0101,Tomás Castro,Villa Elisa,2024-11-28,Ave,tomas.castro.101@yahoo.com.ar
C0102,Mateo Fernández,Ringuelet,2026-07-19,Perro,mateo.fernandez.102@gmail.com
C0103,Facundo Díaz,Los Hornos,2026-07-03,Perro y gato,facundo.diaz.103@outlook.com
C0104,Bautista Martínez,Los Hornos,2025-05-03,Perro,bautista.martinez.104@hotmail.com
C0105,Sofía Rossi,Gonnet,2024-05-27,Otro,sofia.rossi.105@hotmail.com
C0106,Benjamín Romero,City Bell,2024-10-10,Gato,benjamin.romero.106@hotmail.com
C0107,Sofía Acosta,Villa Elisa,2026-02-28,Gato,sofia.acosta.107@outlook.com
C0108,Tomás González,La Plata,2024-04-04,Ave,tomas.gonzalez.108@outlook.com
C0109,Benjamín Acosta,Los Hornos,2023-06-22,Otro,benjamin.acosta.109@outlook.com
C0110,Franco Silva,La Plata,2023-10-09,Perro,franco.silva.110@gmail.com
C0111,Martina Gómez,City Bell,2026-01-13,Otro,martina.gomez.111@outlook.com
C0112,Franco Martínez,City Bell,2026-01-18,Gato,franco.martinez.112@outlook.com
C0113,Mateo Torres,Los Hornos,2024-05-04,Otro,mateo.torres.113@gmail.com
C0114,Julieta Herrera,,2025-01-04,Gato,julieta.herrera.114@hotmail.com
C0115,Bautista Álvarez,La Plata,2025-04-08,Perro y gato,bautista.alvarez.115@hotmail.com
C0116,Malena Benítez,La Plata,2026-04-11,Gato,malena.benitez.116@yahoo.com.ar
C0117,Delfina Benítez,La Plata,2025-03-11,Perro,delfina.benitez.117@outlook.com
C0118,Mateo Torres,Villa Elisa,2023-03-10,Perro y gato,mateo.torres.118@hotmail.com
C0119,Bruno Rodríguez,La Plata,,Perro y gato,bruno.rodriguez.119@hotmail.com
C0120,Franco López,City Bell,2026-06-24,Perro,franco.lopez.120@gmail.com
C0121,Malena Martínez,Gonnet,2025-01-10,Perro,malena.martinez.121@yahoo.com.ar
C0122,Santiago Acosta,La Plata,2026-05-30,Otro,santiago.acosta.122@outlook.com
C0123,Candela Díaz,Los Hornos,2023-07-13,Gato,candela.diaz.123@outlook.com
C0124,Bruno Ruiz,La Plata,2023-12-21,Perro,bruno.ruiz.124@hotmail.com
C0125,Franco Castro,Ensenada,2026-07-02,Perro y gato,franco.castro.125@gmail.com
C0126,Mateo López,La Plata,2026-03-27,Gato,mateo.lopez.126@yahoo.com.ar
C0127,Martina Romero,Ensenada,2025-08-31,Ave,martina.romero.127@hotmail.com
C0128,Bautista Benítez,Los Hornos,2024-07-29,Perro,bautista.benitez.128@yahoo.com.ar
C0129,Camila Romero,City Bell,2025-10-23,Ave,camila.romero.129@yahoo.com.ar
C0130,Tomás Torres,Los Hornos,2025-10-02,Perro,tomas.torres.130@outlook.com
C0131,Nicolás Silva,La Plata,2023-06-06,Gato,nicolas.silva.131@yahoo.com.ar
C0132,Benjamín Torres,La Plata,2023-07-31,Perro y gato,benjamin.torres.132@yahoo.com.ar
C0133,Tomás González,Ensenada,2025-05-04,Ave,tomas.gonzalez.133@gmail.com
C0134,Sofía Suárez,La Plata,2024-10-13,Otro,sofia.suarez.134@gmail.com
C0135,Santiago Fernández,Los Hornos,2026-04-20,Otro,santiago.fernandez.135@yahoo.com.ar
C0136,Franco Rodríguez,City Bell,2026-02-23,Perro,franco.rodriguez.136@gmail.com
C0137,Malena Romero,City Bell,2023-11-05,Otro,malena.romero.137@outlook.com
C0138,Mateo Gómez,Berisso,2026-05-04,Gato,mateo.gomez.138@hotmail.com
C0139,Camila López,La Plata,2025-09-05,Gato,camila.lopez.139@hotmail.com
C0140,Lucía Pérez,La Plata,2023-04-17,Perro y gato,lucia.perez.140@yahoo.com.ar
C0141,Malena Acosta,City Bell,2023-01-11,Perro,malena.acosta.141@hotmail.com
C0142,Mateo Suárez,Ensenada,2023-09-28,Ave,mateo.suarez.142@yahoo.com.ar
C0143,Valentina Álvarez,Los Hornos,2023-08-24,Perro,valentina.alvarez.143@hotmail.com
C0144,Camila Martínez,La Plata,2023-01-08,Gato,camila.martinez.144@gmail.com
C0145,Julieta Benítez,Berisso,2024-09-07,Perro,julieta.benitez.145@hotmail.com
C0146,Martina Fernández,Tolosa,2023-07-13,Perro,martina.fernandez.146@gmail.com
C0147,Sofía Torres,Gonnet,2024-07-28,Otro,sofia.torres.147@outlook.com
C0148,Camila Castro,City Bell,2025-09-06,Perro,camila.castro.148@outlook.com
C0149,Joaquín González,City Bell,2024-12-08,Gato,joaquin.gonzalez.149@hotmail.com
C0150,Bautista Benítez,Los Hornos,2026-03-02,Gato,bautista.benitez.150@gmail.com
C0151,Valentina Herrera,Tolosa,2024-04-25,Gato,valentina.herrera.151@yahoo.com.ar
C0152,Joaquín Rossi,Villa Elisa,2025-03-27,Perro,joaquin.rossi.152@yahoo.com.ar
C0153,Candela Torres,La Plata,2024-10-20,Otro,candela.torres.153@outlook.com
C0154,Lucía Gómez,La Plata,2025-03-15,Perro,lucia.gomez.154@gmail.com
C0155,Sofía Rossi,Ringuelet,2024-07-23,Gato,sofia.rossi.155@hotmail.com
C0156,Camila Pérez,La Plata,2024-04-09,Gato,camila.perez.156@hotmail.com
C0157,Bautista Acosta,La Plata,2024-07-30,Gato,bautista.acosta.157@gmail.com
C0158,Valentina Acosta,La Plata,2024-11-22,Perro,valentina.acosta.158@yahoo.com.ar
C0159,Lucía Torres,Los Hornos,2026-07-20,Ave,lucia.torres.159@yahoo.com.ar
C0160,Martina Silva,Los Hornos,2025-10-10,Ave,martina.silva.160@gmail.com
C0161,Mateo González,Los Hornos,2025-07-27,Perro y gato,mateo.gonzalez.161@gmail.com
C0162,Franco Suárez,La Plata,2024-06-30,Perro y gato,franco.suarez.162@yahoo.com.ar
C0163,Martina González,Los Hornos,2024-10-10,Gato,martina.gonzalez.163@yahoo.com.ar
C0164,Agustina Torres,La Plata,2023-10-03,Otro,agustina.torres.164@outlook.com
C0165,Camila Romero,La Plata,2023-09-06,Perro,camila.romero.165@gmail.com
C0166,Sofía González,Los Hornos,2023-02-07,Ave,sofia.gonzalez.166@yahoo.com.ar
C0167,Martina Herrera,City Bell,2023-11-30,Gato,martina.herrera.167@yahoo.com.ar
C0168,Camila Torres,La Plata,2025-10-17,Ave,camila.torres.168@yahoo.com.ar
C0169,Santiago Torres,Tolosa,2024-03-16,Perro,santiago.torres.169@yahoo.com.ar
C0170,Mateo Sánchez,Los Hornos,2023-12-20,Ave,mateo.sanchez.170@yahoo.com.ar
C0171,Julieta Herrera,City Bell,2024-09-20,Perro y gato,julieta.herrera.171@hotmail.com
C0172,Malena Romero,Tolosa,2025-04-05,Perro,malena.romero.172@yahoo.com.ar
C0173,Candela Ruiz,La Plata,2023-02-04,Perro y gato,candela.ruiz.173@hotmail.com
C0174,Nicolás Díaz,City Bell,2024-09-20,Perro,nicolas.diaz.174@outlook.com
C0175,Valentina Álvarez,La Plata,2025-01-05,Gato,valentina.alvarez.175@yahoo.com.ar
C0176,Bautista Rodríguez,Gonnet,2024-12-24,Perro,bautista.rodriguez.176@gmail.com
C0177,Facundo Romero,City Bell,2025-03-28,Perro,facundo.romero.177@hotmail.com
C0178,Camila Silva,,2026-05-12,Perro,camila.silva.178@gmail.com
C0179,Delfina López,Los Hornos,2023-10-30,Gato,delfina.lopez.179@hotmail.com
C0180,Santiago Rodríguez,Los Hornos,2025-06-19,Gato,santiago.rodriguez.180@gmail.com
C0181,Mateo Castro,Villa Elisa,2023-04-30,Perro,mateo.castro.181@gmail.com
C0182,Sofía Gómez,Villa Elisa,2026-04-27,Gato,sofia.gomez.182@yahoo.com.ar
C0183,Tomás Martínez,City Bell,2026-04-24,Ave,tomas.martinez.183@yahoo.com.ar
C0184,Santiago Benítez,La Plata,2025-03-18,Perro y gato,santiago.benitez.184@gmail.com
C0185,Valentina Herrera,Los Hornos,2024-07-29,Perro,valentina.herrera.185outlook.com
C0186,Benjamín Sánchez,Ensenada,2024-08-23,Ave,benjamin.sanchez.186@outlook.com
C0187,Candela Suárez,City Bell,2023-08-01,Gato,candela.suarez.187@outlook.com
C0188,Lucía Acosta,Los Hornos,2025-05-12,Ave,lucia.acosta.188@gmail.com
C0189,Camila Ruiz,La Plata,2025-06-24,Otro,camila.ruiz.189@hotmail.com
C0190,Delfina Álvarez,Los Hornos,2024-11-23,Otro,delfina.alvarez.190@outlook.com
C0191,Camila Sánchez,Los Hornos,2025-12-17,Perro,camila.sanchez.191@gmail.com
C0192,Camila Torres,La Plata,2025-03-15,Otro,camila.torres.192@gmail.com
C0193,Tomás Fernández,Los Hornos,2023-10-12,Perro,tomas.fernandez.193@hotmail.com
C0194,Valentina Rossi,Los Hornos,2023-04-10,Gato,valentina.rossi.194@gmail.com
C0195,Bautista Benítez,City Bell,2026-06-18,Gato,bautista.benitez.195@outlook.com
C0196,Bruno Castro,City Bell,2023-04-19,Perro,bruno.castro.196@gmail.com
C0197,Candela Martínez,La Plata,2023-02-11,Gato,candela.martinez.197@gmail.com
C0198,Franco Acosta,City Bell,2025-06-04,Ave,franco.acosta.198@gmail.com
C0199,Candela González,La Plata,2025-01-03,Gato,candela.gonzalez.199@gmail.com
C0200,Candela Romero,Los Hornos,2024-12-27,Perro,candela.romero.200@yahoo.com.ar
C0201,Sofía Herrera,La Plata,2026-06-19,Ave,sofia.herrera.201@gmail.com
C0202,Joaquín Díaz,City Bell,2024-12-03,Gato,joaquin.diaz.202@yahoo.com.ar
C0203,Lucía Martínez,,2024-05-30,Perro,lucia.martinez.203@outlook.com
C0204,Tomás Álvarez,Los Hornos,2024-08-15,Perro y gato,tomas.alvarez.204@outlook.com
C0205,Delfina Díaz,La Plata,2024-06-24,Gato,delfina.diaz.205@yahoo.com.ar
C0206,Facundo Díaz,La Plata,2023-07-18,Gato,facundo.diaz.206@yahoo.com.ar
C0207,Malena Díaz,Gonnet,2026-07-20,Ave,malena.diaz.207@outlook.com
C0208,Mateo Rodríguez,Tolosa,2023-07-05,Perro y gato,mateo.rodriguez.208@outlook.com
C0209,Benjamín Díaz,Villa Elisa,2025-07-01,Perro y gato,benjamin.diaz.209@gmail.com
C0210,Malena López,La Plata,2023-12-08,Gato,malena.lopez.210@gmail.com
C0211,Agustina Ruiz,Villa Elisa,2024-10-27,Gato,agustina.ruiz.211@outlook.com
C0212,Santiago Fernández,La Plata,2024-10-18,Perro,santiago.fernandez.212@hotmail.com
C0213,Candela Castro,City Bell,2026-01-05,Otro,candela.castro.213@outlook.com
C0214,Facundo Díaz,Berisso,2023-04-16,Perro,facundo.diaz.214@gmail.com
C0215,Sofía Romero,La Plata,2023-04-09,Gato,sofia.romero.215@hotmail.com
C0216,Malena Sánchez,Berisso,2024-06-04,Gato,malena.sanchez.216@gmail.com
C0217,Franco Ruiz,Los Hornos,2023-03-04,Gato,franco.ruiz.217@gmail.com
C0218,Franco Castro,Ringuelet,2025-11-28,Ave,franco.castro.218@hotmail.com
C0219,Tomás Sánchez,Los Hornos,2023-12-01,Perro y gato,tomas.sanchez.219@gmail.com
C0220,Joaquín Benítez,Los Hornos,2024-03-01,Ave,joaquin.benitez.220@yahoo.com.ar
C0221,Santiago Fernández,City Bell,2025-10-15,Perro,santiago.fernandez.221@outlook.com
C0222,Agustina Gómez,City Bell,2024-10-18,Perro y gato,agustina.gomez.222@gmail.com
C0223,Bruno González,City Bell,2024-06-02,Gato,bruno.gonzalez.223@gmail.com
C0224,Lucía Torres,Los Hornos,2025-05-01,Ave,lucia.torres.224@yahoo.com.ar
C0225,Franco Castro,Los Hornos,2024-08-03,Perro,franco.castro.225@gmail.com
C0226,Delfina Romero,La Plata,2023-09-12,Gato,delfina.romero.226@gmail.com
C0227,Bruno Torres,Los Hornos,2024-08-11,Otro,bruno.torres.227@hotmail.com
C0228,Benjamín Herrera,Los Hornos,2024-03-19,Gato,benjamin.herrera.228@outlook.com
C0229,Lucía Suárez,City Bell,2025-11-03,Perro,lucia.suarez.229@hotmail.com
C0230,Sofía Silva,Ensenada,2024-09-08,Perro,sofia.silva.230@yahoo.com.ar
C0231,Agustina López,La Plata,2025-09-25,Perro,agustina.lopez.231@hotmail.com
C0232,Facundo Álvarez,Gonnet,2026-06-27,Otro,facundo.alvarez.232@hotmail.com
C0233,Santiago López,La Plata,2025-10-07,Perro y gato,santiago.lopez.233@hotmail.com
C0234,Tomás Castro,La Plata,2025-11-02,Gato,tomas.castro.234@hotmail.com
C0235,Valentina Ruiz,Los Hornos,2024-07-29,Gato,valentina.ruiz.235@outlook.com
C0236,Martina Castro,Los Hornos,2025-11-18,Otro,martina.castro.236@gmail.com
C0237,Sofía Fernández,Berisso,2023-10-22,Perro,sofia.fernandez.237@yahoo.com.ar
C0238,Tomás Rossi,Los Hornos,2023-08-17,Otro,tomas.rossi.238@yahoo.com.ar
C0239,Malena Silva,City Bell,2023-03-08,Gato,malena.silva.239@outlook.com
C0240,Sofía Rodríguez,Berisso,2025-05-08,Otro,sofia.rodriguez.240@yahoo.com.ar
C0241,Benjamín Fernández,Los Hornos,2023-06-12,Gato,benjamin.fernandez.241@yahoo.com.ar
C0242,Tomás Fernández,La Plata,2024-02-05,Otro,tomas.fernandez.242@outlook.com
C0243,Bautista Rossi,Los Hornos,2023-01-04,Otro,bautista.rossi.243@yahoo.com.ar
C0244,Julieta Herrera,Los Hornos,2024-07-09,Gato,julieta.herrera.244@outlook.com
C0245,Agustina Ruiz,City Bell,2023-01-10,Perro,agustina.ruiz.245@hotmail.com
C0246,Mateo Álvarez,City Bell,2024-05-03,Perro,mateo.alvarez.246@hotmail.com
C0247,Franco Sánchez,Villa Elisa,2025-03-16,Ave,franco.sanchez.247@hotmail.com
C0248,Delfina Herrera,La Plata,2023-10-24,Ave,delfina.herrera.248@outlook.com
C0249,Delfina Herrera,,2026-03-21,Ave,delfina.herrera.249@gmail.com
C0250,Agustina Díaz,City Bell,2024-12-09,Perro y gato,agustina.diaz.250@outlook.com
C0251,Benjamín Herrera,Los Hornos,2023-09-22,Perro,benjamin.herrera.251@yahoo.com.ar
C0252,Candela Suárez,City Bell,2025-02-05,Otro,candela.suarez.252@yahoo.com.ar
C0253,Lucía López,Los Hornos,2024-05-21,Otro,lucia.lopez.253@outlook.com
C0254,Bautista Herrera,La Plata,2025-04-01,Perro,bautista.herrera.254@gmail.com
C0255,Delfina Rossi,La Plata,2023-04-20,Gato,delfina.rossi.255@hotmail.com
C0256,Nicolás Torres,City Bell,2025-09-25,Otro,nicolas.torres.256@hotmail.com
C0257,Facundo Martínez,La Plata,2024-09-15,Otro,facundo.martinez.257@outlook.com
C0258,Facundo Álvarez,City Bell,2026-06-10,Perro,facundo.alvarez.258@gmail.com
C0259,Valentina Ruiz,City Bell,2024-10-19,Gato,valentina.ruiz.259@outlook.com
C0260,Bruno Ruiz,Tolosa,2024-07-18,Perro,bruno.ruiz.260@outlook.com
C0261,Agustina Suárez,La Plata,2023-10-29,Perro,agustina.suarez.261@hotmail.com
C0262,Candela Ruiz,Los Hornos,2023-10-23,Perro,candela.ruiz.262@yahoo.com.ar
C0263,Joaquín Gómez,Tolosa,2024-07-04,Perro,joaquin.gomez.263@yahoo.com.ar
C0264,Joaquín Sánchez,Los Hornos,2024-08-04,Ave,joaquin.sanchez.264@outlook.com
C0265,Nicolás González,La Plata,2025-10-17,Perro,nicolas.gonzalez.265@outlook.com
C0266,Malena Díaz,City Bell,2023-04-24,Ave,malena.diaz.266@yahoo.com.ar
C0267,Delfina López,Villa Elisa,2023-09-29,Perro,delfina.lopez.267@hotmail.com
C0268,Franco Castro,La Plata,2024-04-01,Ave,franco.castro.268@outlook.com
C0269,Julieta Torres,Berisso,2023-05-30,Perro,julieta.torres.269@yahoo.com.ar
C0270,Delfina Romero,City Bell,2023-04-01,Otro,delfina.romero.270@gmail.com
C0271,Bruno Sánchez,City Bell,2024-02-09,Perro,bruno.sanchez.271@hotmail.com
C0272,Camila Pérez,La Plata,2023-10-24,Otro,camila.perez.272@gmail.com
C0273,Agustina Castro,Los Hornos,2023-02-10,Perro,agustina.castro.273@hotmail.com
C0274,Julieta Castro,La Plata,2025-11-06,Gato,julieta.castro.274@yahoo.com.ar
C0275,Bautista Torres,City Bell,2024-08-18,Perro y gato,bautista.torres.275@hotmail.com
C0276,Nicolás Herrera,Tolosa,2023-10-10,Perro y gato,nicolas.herrera.276@hotmail.com
C0277,Agustina Herrera,Los Hornos,2024-06-10,Ave,agustina.herrera.277@gmail.com
C0278,Benjamín Acosta,City Bell,2026-01-02,Gato,benjamin.acosta.278@outlook.com
C0279,Joaquín Fernández,Villa Elisa,2023-12-24,Perro,joaquin.fernandez.279@gmail.com
C0280,Mateo Castro,Ringuelet,2025-08-27,Perro,mateo.castro.280@gmail.com
C0281,Mateo Álvarez,Ensenada,2023-07-24,Perro,mateo.alvarez.281@yahoo.com.ar
C0282,Bruno Fernández,City Bell,2025-04-25,Gato,bruno.fernandez.282@gmail.com
C0283,Lucía Acosta,Ensenada,2025-08-04,Gato,lucia.acosta.283@gmail.com
C0284,Malena López,Berisso,2025-09-11,Perro,malena.lopez.284@hotmail.com
C0285,Martina Herrera,Los Hornos,2025-09-27,Perro y gato,martina.herrera.285@gmail.com
C0286,Julieta Gómez,Tolosa,2024-01-25,Perro,julieta.gomez.286@hotmail.com
C0287,Candela Martínez,La Plata,2025-11-24,Ave,candela.martinez.287@hotmail.com
C0288,Joaquín López,Ringuelet,2025-11-11,Gato,joaquin.lopez.288@gmail.com
C0289,Martina González,La Plata,2025-03-05,Gato,martina.gonzalez.289@hotmail.com
C0290,Agustina Romero,City Bell,2024-06-21,Otro,agustina.romero.290@outlook.com
C0291,Bruno Sánchez,Los Hornos,2025-07-04,Perro,bruno.sanchez.291@gmail.com
C0292,Bruno Acosta,Ensenada,2026-03-13,Gato,bruno.acosta.292@gmail.com
C0293,Facundo Torres,Ensenada,2025-07-22,Gato,facundo.torres.293@outlook.com
C0294,Mateo Fernández,City Bell,2024-04-25,Ave,mateo.fernandez.294@hotmail.com
C0295,Lucía Castro,Tolosa,2023-08-24,Perro,lucia.castro.295@gmail.com
C0296,Franco Díaz,Ringuelet,2023-11-17,Ave,franco.diaz.296@hotmail.com
C0297,Delfina González,City Bell,2025-10-25,Gato,delfina.gonzalez.297@outlook.com
C0298,Tomás Acosta,La Plata,2025-10-01,Perro,tomas.acosta.298@yahoo.com.ar
C0299,Delfina Rossi,Tolosa,2024-09-17,Gato,delfina.rossi.299@outlook.com
C0300,Candela López,Tolosa,2023-01-16,Ave,candela.lopez.300yahoo.com.ar
C0301,Facundo Díaz,Gonnet,2026-04-20,Perro,facundo.diaz.301@gmail.com
C0302,Franco Rossi,City Bell,2024-08-03,Otro,franco.rossi.302@gmail.com
C0303,Martina Benítez,Los Hornos,2023-08-08,Gato,martina.benitez.303@hotmail.com
C0304,Martina Suárez,City Bell,2024-11-02,Gato,martina.suarez.304@hotmail.com
C0305,Valentina López,Berisso,2023-05-14,Ave,valentina.lopez.305@gmail.com
C0306,Martina González,City Bell,2026-06-23,Perro,martina.gonzalez.306@gmail.com
C0307,Bruno Pérez,City Bell,2023-09-28,Ave,bruno.perez.307@hotmail.com
C0308,Camila Rodríguez,Los Hornos,2023-11-28,Otro,camila.rodriguez.308@yahoo.com.ar
C0309,Malena Benítez,Los Hornos,2024-09-03,Perro y gato,malena.benitez.309@gmail.com
C0310,Franco Rodríguez,Berisso,2026-03-18,Gato,franco.rodriguez.310@outlook.com
C0311,Nicolás Martínez,Gonnet,2026-02-13,Perro y gato,nicolas.martinez.311@yahoo.com.ar
C0312,Santiago Castro,Gonnet,2025-01-12,Gato,santiago.castro.312@yahoo.com.ar
C0313,Mateo Romero,Villa Elisa,2024-11-27,Gato,mateo.romero.313@yahoo.com.ar
C0314,Martina Romero,Los Hornos,2025-01-26,Gato,martina.romero.314@gmail.com
C0315,Facundo Rossi,Los Hornos,2026-05-15,Perro y gato,facundo.rossi.315@yahoo.com.ar
C0316,Julieta Silva,City Bell,2025-11-26,Perro,julieta.silva.316@yahoo.com.ar
C0317,Mateo Gómez,,2025-06-29,Gato,mateo.gomez.317@gmail.com
C0318,Delfina Torres,Ensenada,2025-10-28,Perro,delfina.torres.318@outlook.com
C0319,Agustina Acosta,Los Hornos,2025-06-10,Perro y gato,agustina.acosta.319@yahoo.com.ar
C0320,Santiago Silva,Tolosa,2026-06-29,Gato,santiago.silva.320@gmail.com
C0321,Agustina González,Berisso,2026-05-28,Gato,agustina.gonzalez.321@outlook.com
C0322,Julieta Torres,Los Hornos,2023-09-26,Otro,julieta.torres.322@hotmail.com
C0323,Tomás Álvarez,Los Hornos,2026-04-29,Gato,tomas.alvarez.323@outlook.com
C0324,Benjamín Torres,Los Hornos,2026-07-06,Ave,benjamin.torres.324@outlook.com
C0325,Sofía Benítez,Tolosa,2024-11-20,Perro,sofia.benitez.325@gmail.com
C0326,Malena González,Los Hornos,2023-05-19,Otro,malena.gonzalez.326@yahoo.com.ar
C0327,Tomás Martínez,Los Hornos,2025-02-23,Gato,tomas.martinez.327@hotmail.com
C0328,Camila González,La Plata,2023-02-16,Otro,camila.gonzalez.328@outlook.com
C0329,Tomás López,City Bell,2023-07-19,Perro y gato,tomas.lopez.329@yahoo.com.ar
C0330,Joaquín Castro,City Bell,2024-12-19,Gato,joaquin.castro.330@hotmail.com
C0331,Franco Álvarez,Los Hornos,2024-05-05,Perro,franco.alvarez.331@yahoo.com.ar
C0332,Julieta Pérez,Ensenada,2023-03-26,Perro y gato,julieta.perez.332@yahoo.com.ar
C0333,Camila González,Gonnet,2024-10-08,Perro,camila.gonzalez.333@hotmail.com
C0334,Facundo Díaz,Los Hornos,2025-02-23,Otro,facundo.diaz.334@yahoo.com.ar
C0335,Candela Ruiz,City Bell,2023-04-05,Otro,candela.ruiz.335@gmail.com
C0336,Delfina Fernández,La Plata,2025-07-15,Otro,delfina.fernandez.336@gmail.com
C0337,Sofía Fernández,Ensenada,2025-06-09,Otro,sofia.fernandez.337@gmail.com
C0338,Martina Torres,Villa Elisa,2023-07-29,Perro y gato,martina.torres.338@hotmail.com
C0339,Julieta Díaz,City Bell,2024-04-20,Perro,julieta.diaz.339@outlook.com
C0340,Bruno Fernández,Villa Elisa,2025-12-26,Perro,bruno.fernandez.340@gmail.com
C0341,Camila Fernández,Los Hornos,2024-10-29,Otro,camila.fernandez.341@yahoo.com.ar
C0342,Tomás Pérez,City Bell,2026-01-22,Ave,tomas.perez.342@outlook.com
C0343,Santiago Rodríguez,Los Hornos,2025-05-15,Perro y gato,santiago.rodriguez.343@outlook.com
C0344,Lucía Acosta,City Bell,2023-03-24,Perro,lucia.acosta.344@yahoo.com.ar
C0345,Delfina Rossi,City Bell,2024-07-29,Gato,delfina.rossi.345@yahoo.com.ar
C0346,Santiago Sánchez,Berisso,2025-03-28,Gato,santiago.sanchez.346@hotmail.com
C0347,Benjamín Fernández,La Plata,2023-06-03,Gato,benjamin.fernandez.347@hotmail.com
C0348,Joaquín Díaz,Los Hornos,2025-03-05,Otro,joaquin.diaz.348@outlook.com
C0349,Delfina Rossi,Los Hornos,2024-06-13,Perro,delfina.rossi.349@gmail.com
C0350,Malena Díaz,City Bell,2025-10-05,Gato,malena.diaz.350@outlook.com
C0351,Sofía Fernández,Ensenada,2024-08-03,Perro,sofia.fernandez.351@hotmail.com
C0352,Bruno Silva,Berisso,2023-04-30,Gato,bruno.silva.352@yahoo.com.ar
C0353,Tomás González,La Plata,2025-12-20,Perro,tomas.gonzalez.353@yahoo.com.ar
C0354,Agustina Sánchez,City Bell,2024-07-13,Ave,agustina.sanchez.354@outlook.com
C0355,Nicolás González,City Bell,2023-12-02,Perro,nicolas.gonzalez.355@hotmail.com
C0356,Franco Torres,City Bell,2023-09-07,Gato,franco.torres.356@gmail.com
C0357,Julieta Ruiz,Villa Elisa,2025-10-08,Perro,julieta.ruiz.357@yahoo.com.ar
C0358,Camila Sánchez,Berisso,2025-01-18,Ave,camila.sanchez.358@gmail.com
C0359,Agustina Gómez,City Bell,2024-06-12,Gato,agustina.gomez.359@gmail.com
C0360,Tomás Sánchez,La Plata,2024-04-21,Otro,tomas.sanchez.360@outlook.com
C0361,Candela Rossi,Tolosa,2025-06-25,Perro,candela.rossi.361@gmail.com
C0362,Valentina Herrera,La Plata,2025-01-06,Perro,valentina.herrera.362@gmail.com
C0363,Franco Suárez,City Bell,2025-12-26,Ave,franco.suarez.363@hotmail.com
C0364,Agustina Acosta,Tolosa,2025-06-09,Gato,agustina.acosta.364@gmail.com
C0365,Facundo Herrera,Ensenada,2025-03-26,Perro y gato,facundo.herrera.365@hotmail.com
C0366,Santiago Benítez,Gonnet,2025-05-15,Perro,santiago.benitez.366@hotmail.com
C0367,Candela Rossi,Los Hornos,2024-12-16,Gato,candela.rossi.367@yahoo.com.ar
C0368,Benjamín Martínez,City Bell,2024-07-24,Gato,benjamin.martinez.368@yahoo.com.ar
C0369,Agustina Herrera,Los Hornos,2023-02-05,Perro y gato,agustina.herrera.369@gmail.com
C0370,Joaquín Benítez,Los Hornos,2026-07-06,Perro,joaquin.benitez.370@gmail.com
C0371,Julieta Torres,City Bell,2024-08-03,Gato,julieta.torres.371@gmail.com
C0372,Agustina Pérez,Ensenada,2023-04-30,Ave,agustina.perez.372@gmail.com
C0373,Julieta Pérez,Tolosa,2023-05-27,Gato,julieta.perez.373@hotmail.com
C0374,Facundo Rossi,City Bell,2024-05-14,Perro y gato,facundo.rossi.374@hotmail.com
C0375,Sofía Martínez,City Bell,2024-12-02,Perro,sofia.martinez.375@yahoo.com.ar
C0376,Mateo Benítez,La Plata,2025-01-12,Perro,mateo.benitez.376@hotmail.com
C0377,Delfina Rossi,City Bell,2023-09-19,Ave,delfina.rossi.377@gmail.com
C0378,Franco Torres,Los Hornos,2024-12-16,Perro y gato,franco.torres.378@outlook.com
C0379,Benjamín Torres,La Plata,2023-05-07,Perro y gato,benjamin.torres.379@outlook.com
C0380,Franco Rodríguez,Los Hornos,2025-10-06,Gato,franco.rodriguez.380@yahoo.com.ar
C0381,Bautista Suárez,Tolosa,2024-02-15,Perro,bautista.suarez.381@outlook.com
C0382,Tomás Díaz,La Plata,2026-05-24,Ave,tomas.diaz.382@outlook.com
C0383,Camila Díaz,City Bell,2026-03-02,Otro,camila.diaz.383@outlook.com
C0384,Julieta González,City Bell,2026-05-04,Perro,julieta.gonzalez.384@outlook.com
C0385,Malena Rossi,Ringuelet,2025-03-18,Gato,malena.rossi.385@yahoo.com.ar
C0386,Agustina Martínez,Los Hornos,2026-06-22,Perro y gato,agustina.martinez.386@gmail.com
C0387,Franco Martínez,Villa Elisa,2023-03-04,Gato,franco.martinez.387@yahoo.com.ar
C0388,Tomás Pérez,City Bell,2025-12-31,Gato,tomas.perez.388@hotmail.com
C0389,Santiago Torres,Los Hornos,2025-04-07,Perro,santiago.torres.389@yahoo.com.ar
C0390,Joaquín González,Los Hornos,2023-03-05,Gato,joaquin.gonzalez.390@gmail.com
C0391,Santiago Castro,City Bell,2026-02-01,Ave,santiago.castro.391@gmail.com
C0392,Mateo Silva,La Plata,2024-01-06,Perro,mateo.silva.392@outlook.com
C0393,Franco Suárez,City Bell,2025-09-07,Gato,franco.suarez.393@yahoo.com.ar
C0394,Franco Sánchez,Tolosa,2024-10-24,Ave,franco.sanchez.394@gmail.com
C0395,Candela Suárez,La Plata,2024-02-28,Perro,candela.suarez.395@outlook.com
C0396,Sofía Torres,City Bell,2024-04-12,Otro,sofia.torres.396@yahoo.com.ar
C0397,Camila Gómez,Ringuelet,2024-12-30,Otro,camila.gomez.397@yahoo.com.ar
C0398,Bruno Herrera,Gonnet,2024-02-24,Perro,bruno.herrera.398@yahoo.com.ar
C0399,Franco Díaz,La Plata,2025-05-25,Ave,franco.diaz.399@yahoo.com.ar
C0400,Bautista Rossi,Los Hornos,2024-01-15,Gato,bautista.rossi.400@gmail.com
C0401,Camila Acosta,Tolosa,2023-01-15,Perro y gato,camila.acosta.401@yahoo.com.ar
C0402,Nicolás Silva,,2024-01-04,Perro y gato,nicolas.silva.402@yahoo.com.ar
C0403,Camila González,La Plata,2026-04-08,Otro,camila.gonzalez.403@hotmail.com
C0404,Sofía Fernández,La Plata,2024-04-18,Perro,sofia.fernandez.404@hotmail.com
C0405,Santiago Rodríguez,Villa Elisa,2026-04-13,Perro y gato,santiago.rodriguez.405@gmail.com
C0406,Joaquín Herrera,Berisso,2025-11-17,Perro y gato,joaquin.herrera.406@outlook.com
C0407,Tomás Herrera,City Bell,2026-07-10,Perro y gato,tomas.herrera.407@hotmail.com
C0408,Malena Acosta,Tolosa,2024-06-24,Perro,malena.acosta.408@outlook.com
C0409,Delfina Díaz,Ringuelet,2023-02-14,Ave,delfina.diaz.409@gmail.com
C0410,Valentina Fernández,Gonnet,2025-07-09,Gato,valentina.fernandez.410@yahoo.com.ar
C0411,Camila Rodríguez,City Bell,2023-06-09,Perro,camila.rodriguez.411@yahoo.com.ar
C0412,Tomás Benítez,City Bell,2024-08-19,Gato,tomas.benitez.412@gmail.com
C0413,Franco Herrera,Tolosa,2023-07-29,Perro,franco.herrera.413@gmail.com
C0414,Joaquín Rodríguez,Ensenada,2023-09-23,Otro,joaquin.rodriguez.414@outlook.com
C0415,Candela Álvarez,City Bell,2023-12-21,Perro y gato,candela.alvarez.415@outlook.com
C0416,Camila Gómez,City Bell,2025-10-29,Gato,camila.gomez.416@hotmail.com
C0417,Nicolás Benítez,Berisso,2026-06-24,Gato,nicolas.benitez.417@hotmail.com
C0418,Nicolás Acosta,La Plata,2026-07-14,Perro y gato,nicolas.acosta.418@hotmail.com
C0419,Sofía Acosta,City Bell,2024-02-13,Otro,sofia.acosta.419@yahoo.com.ar
C0420,Benjamín Suárez,Ringuelet,2023-05-13,Gato,benjamin.suarez.420@gmail.com
C0421,Franco Acosta,Gonnet,2023-09-24,Perro y gato,franco.acosta.421@hotmail.com
C0422,Facundo Sánchez,Los Hornos,2026-03-21,Ave,facundo.sanchez.422@yahoo.com.ar
C0423,Camila Rodríguez,City Bell,2025-11-04,Perro,camila.rodriguez.423@hotmail.com
C0424,Franco Álvarez,Los Hornos,2024-06-21,Otro,franco.alvarez.424@gmail.com
C0425,Lucía Romero,Tolosa,2024-02-07,Ave,lucia.romero.425@hotmail.com
C0426,Agustina Acosta,City Bell,2024-08-21,Gato,agustina.acosta.426@outlook.com
C0427,Julieta Fernández,Gonnet,2024-05-30,Perro,julieta.fernandez.427@yahoo.com.ar
C0428,Sofía Álvarez,Los Hornos,2025-09-30,Perro y gato,sofia.alvarez.428@gmail.com
C0429,Julieta Romero,La Plata,2024-03-16,Perro y gato,julieta.romero.429@yahoo.com.ar
C0430,Joaquín Ruiz,La Plata,2025-07-23,Gato,joaquin.ruiz.430@gmail.com
C0431,Agustina González,Los Hornos,2025-08-01,Gato,agustina.gonzalez.431@gmail.com
C0432,Facundo Martínez,Los Hornos,2023-12-29,Perro,facundo.martinez.432@gmail.com
C0433,Julieta Fernández,City Bell,2023-06-25,Perro y gato,julieta.fernandez.433@hotmail.com
C0434,Facundo Ruiz,Los Hornos,2025-12-28,Perro y gato,facundo.ruiz.434@outlook.com
C0435,Malena Torres,La Plata,2026-07-15,Gato,malena.torres.435@yahoo.com.ar
C0436,Santiago López,City Bell,2025-11-14,Perro,santiago.lopez.436@yahoo.com.ar
C0437,Martina Suárez,City Bell,2025-12-17,Perro y gato,martina.suarez.437@hotmail.com
C0438,Valentina Romero,Los Hornos,2025-03-15,Perro,valentina.romero.438@gmail.com
C0439,Mateo Díaz,Los Hornos,2023-01-21,Perro,mateo.diaz.439@yahoo.com.ar
C0440,Martina González,Los Hornos,2026-01-07,Ave,martina.gonzalez.440@gmail.com
C0441,Candela Ruiz,Los Hornos,2025-07-15,Perro,candela.ruiz.441@outlook.com
C0442,Bruno Torres,Villa Elisa,2023-12-21,Perro,bruno.torres.442@outlook.com
C0443,Santiago Rossi,La Plata,2023-03-31,Otro,santiago.rossi.443@outlook.com
C0444,Camila Gómez,City Bell,2024-05-06,Perro y gato,camila.gomez.444@outlook.com
C0445,Benjamín Gómez,Ringuelet,2025-01-16,Gato,benjamin.gomez.445@hotmail.com
C0446,Nicolás Benítez,Berisso,2026-07-21,Perro,nicolas.benitez.446@yahoo.com.ar
C0447,Tomás Herrera,Los Hornos,2026-03-27,Perro,tomas.herrera.447@yahoo.com.ar
C0448,Lucía Suárez,Los Hornos,2023-06-23,Perro,lucia.suarez.448@yahoo.com.ar
C0449,Mateo Suárez,Los Hornos,2023-06-20,Otro,mateo.suarez.449@gmail.com
C0450,Facundo Rodríguez,La Plata,2023-12-08,Perro y gato,facundo.rodriguez.450@outlook.com
C0451,Malena Silva,Ringuelet,2023-01-17,Perro,malena.silva.451@gmail.com
C0452,Lucía Romero,Villa Elisa,2026-07-12,Perro y gato,lucia.romero.452@yahoo.com.ar
C0453,Bautista Rodríguez,Los Hornos,2026-03-09,Ave,bautista.rodriguez.453@hotmail.com
C0454,Facundo Torres,La Plata,2026-04-25,Perro,facundo.torres.454@hotmail.com
C0455,Nicolás Benítez,Los Hornos,2025-07-22,Perro,nicolas.benitez.455@outlook.com
C0456,Facundo Rossi,Ensenada,2025-08-17,Ave,facundo.rossi.456@gmail.com
C0457,Delfina Díaz,Ensenada,2026-04-20,Gato,delfina.diaz.457@yahoo.com.ar
C0458,Julieta Rodríguez,Villa Elisa,2025-12-08,Perro y gato,julieta.rodriguez.458@hotmail.com
C0459,Nicolás Silva,Ensenada,2023-02-25,Perro,nicolas.silva.459@gmail.com
C0460,Mateo Sánchez,City Bell,2025-10-18,Perro,mateo.sanchez.460@gmail.com
C0461,Bautista Ruiz,Ringuelet,2025-03-07,Otro,bautista.ruiz.461@hotmail.com
C0462,Candela Suárez,Los Hornos,2025-09-01,Perro y gato,candela.suarez.462@gmail.com
C0463,Mateo Martínez,,2026-05-15,Perro,mateo.martinez.463@outlook.com
C0464,Tomás López,Tolosa,2025-10-30,Perro y gato,tomas.lopez.464@gmail.com
C0465,Delfina López,Los Hornos,2024-07-11,Perro y gato,delfina.lopez.465@gmail.com
C0466,Julieta Silva,City Bell,2025-04-24,Gato,julieta.silva.466@gmail.com
C0467,Agustina Sánchez,Ensenada,2024-07-03,Gato,agustina.sanchez.467@gmail.com
C0468,Benjamín Sánchez,Los Hornos,2026-04-07,Perro y gato,benjamin.sanchez.468@yahoo.com.ar
C0469,Facundo Gómez,Los Hornos,2024-11-09,Gato,facundo.gomez.469@yahoo.com.ar
C0470,Franco Romero,Los Hornos,2025-09-11,Ave,franco.romero.470@gmail.com
C0471,Benjamín Castro,City Bell,2025-12-02,Perro y gato,benjamin.castro.471@gmail.com
C0472,Bautista Martínez,La Plata,2026-02-03,Perro,bautista.martinez.472@hotmail.com
C0473,Mateo Gómez,City Bell,2025-09-27,Perro y gato,mateo.gomez.473@hotmail.com
C0474,Franco Gómez,La Plata,2025-07-19,Perro,franco.gomez.474@gmail.com
C0475,Sofía Torres,Berisso,2023-07-11,Perro y gato,sofia.torres.475@hotmail.com
C0476,Valentina López,Gonnet,2023-08-13,Perro y gato,valentina.lopez.476@outlook.com
C0477,Camila Díaz,Gonnet,2023-01-11,Otro,camila.diaz.477@hotmail.com
C0478,Valentina Benítez,Ringuelet,2023-09-21,Gato,valentina.benitez.478@outlook.com
C0479,Agustina Acosta,Los Hornos,2025-07-05,Perro,agustina.acosta.479@yahoo.com.ar
C0480,Joaquín Acosta,City Bell,2024-08-16,Gato,joaquin.acosta.480@hotmail.com
C0481,Bautista Castro,Los Hornos,2025-11-30,Gato,bautista.castro.481@gmail.com
C0482,Nicolás López,Tolosa,2026-05-11,Otro,nicolas.lopez.482@hotmail.com
C0483,Camila Torres,La Plata,2025-11-29,Gato,camila.torres.483@outlook.com
C0484,Camila González,City Bell,2023-01-20,Perro,camila.gonzalez.484@yahoo.com.ar
C0485,Tomás Herrera,La Plata,2023-09-30,Perro,tomas.herrera.485@gmail.com
C0486,Mateo Martínez,City Bell,2025-03-27,Perro y gato,mateo.martinez.486@gmail.com
C0487,Joaquín Pérez,Los Hornos,2023-10-06,Gato,joaquin.perez.487gmail.com
C0488,Tomás Ruiz,City Bell,2023-08-14,Perro,tomas.ruiz.488@yahoo.com.ar
C0489,Malena Suárez,City Bell,2025-06-29,Ave,malena.suarez.489@hotmail.com
C0490,Facundo Martínez,Los Hornos,2025-06-19,Otro,facundo.martinez.490@yahoo.com.ar
C0491,Malena Pérez,Los Hornos,2023-04-24,Gato,malena.perez.491@gmail.com
C0492,Nicolás Romero,Villa Elisa,2024-05-27,Gato,nicolas.romero.492@hotmail.com
C0493,Sofía Acosta,Los Hornos,2024-02-25,Gato,sofia.acosta.493@gmail.com
C0494,Candela Ruiz,City Bell,2024-05-22,Perro,candela.ruiz.494@gmail.com
C0495,Facundo González,City Bell,2025-11-15,Perro y gato,facundo.gonzalez.495@outlook.com
C0496,Nicolás López,Los Hornos,2023-04-01,Perro,nicolas.lopez.496@yahoo.com.ar
C0497,Tomás Suárez,City Bell,2023-02-19,Perro,tomas.suarez.497@yahoo.com.ar
C0498,Benjamín Castro,Berisso,2025-06-08,Gato,benjamin.castro.498@hotmail.com
C0499,Bautista Álvarez,Ensenada,2024-04-06,Perro,bautista.alvarez.499@hotmail.com
C0500,Bautista Rodríguez,City Bell,2025-07-27,Perro y gato,bautista.rodriguez.500@outlook.com
C0501,Candela Silva,La Plata,2025-07-07,Perro,candela.silva.501@outlook.com
C0502,Lucía Díaz,Villa Elisa,2024-03-18,Perro,lucia.diaz.502@outlook.com
C0503,Joaquín Pérez,City Bell,2025-06-28,Gato,joaquin.perez.503@yahoo.com.ar
C0504,Benjamín Castro,Ensenada,2023-04-07,Perro,benjamin.castro.504@gmail.com
C0505,Lucía Benítez,La Plata,2025-07-23,Perro,lucia.benitez.505@outlook.com
C0506,Delfina Díaz,City Bell,2023-10-06,Perro y gato,delfina.diaz.506@hotmail.com
C0507,Facundo Castro,La Plata,2025-08-09,Gato,facundo.castro.507@yahoo.com.ar
C0508,Facundo Álvarez,La Plata,2025-08-03,Perro y gato,facundo.alvarez.508@gmail.com
C0509,Joaquín Díaz,Los Hornos,2026-03-07,Perro,joaquin.diaz.509@hotmail.com
C0510,Valentina Sánchez,Los Hornos,2025-11-10,Gato,valentina.sanchez.510@outlook.com
C0511,Santiago Ruiz,Ensenada,2023-01-07,Gato,santiago.ruiz.511@yahoo.com.ar
C0512,Martina Silva,La Plata,2025-10-04,Perro,martina.silva.512@gmail.com
C0513,Bruno Benítez,Gonnet,2026-05-18,Otro,bruno.benitez.513@outlook.com
C0514,Martina Castro,City Bell,2025-10-19,Gato,martina.castro.514@yahoo.com.ar
C0515,Santiago Rodríguez,La Plata,2023-01-08,Perro y gato,santiago.rodriguez.515@gmail.com
C0516,Delfina Romero,Villa Elisa,2024-06-28,Perro y gato,delfina.romero.516@hotmail.com
C0517,Malena Acosta,Ensenada,2026-01-09,Gato,malena.acosta.517@yahoo.com.ar
C0518,Bautista Castro,Los Hornos,2024-10-23,Perro y gato,bautista.castro.518@gmail.com
C0519,Nicolás Rodríguez,Tolosa,2024-12-26,Perro,nicolas.rodriguez.519@gmail.com
C0520,Delfina Martínez,Los Hornos,2023-01-22,Otro,delfina.martinez.520@hotmail.com
C0521,Martina Acosta,City Bell,2023-03-10,Gato,martina.acosta.521@hotmail.com
C0522,Delfina Castro,Tolosa,2023-12-06,Gato,delfina.castro.522@outlook.com
C0523,Valentina Pérez,City Bell,2024-03-27,Gato,
C0524,Julieta Pérez,City Bell,2024-02-02,Perro,julieta.perez.524@outlook.com
C0525,Julieta González,La Plata,2026-06-01,Otro,julieta.gonzalez.525@gmail.com
C0526,Lucía Sánchez,Los Hornos,2023-07-27,Ave,lucia.sanchez.526@gmail.com
C0527,Bruno Sánchez,Los Hornos,2024-05-14,Perro,bruno.sanchez.527@outlook.com
C0528,Valentina Sánchez,Los Hornos,2026-01-16,Otro,valentina.sanchez.528@outlook.com
C0529,Candela Sánchez,Tolosa,2023-12-03,Perro,candela.sanchez.529@gmail.com
C0530,Martina Romero,Los Hornos,2023-09-02,Perro,martina.romero.530@hotmail.com
C0531,Santiago Acosta,La Plata,2026-03-26,Perro y gato,santiago.acosta.531@gmail.com
C0532,Mateo Torres,Ensenada,2026-06-30,Ave,mateo.torres.532@outlook.com
C0533,Benjamín Benítez,Ringuelet,2023-09-03,Perro,benjamin.benitez.533@gmail.com
C0534,Bruno Acosta,La Plata,2024-08-09,Ave,bruno.acosta.534@gmail.com
C0535,Lucía Fernández,Los Hornos,2025-12-28,Perro,lucia.fernandez.535@outlook.com
C0536,Agustina Acosta,Berisso,2025-09-20,Ave,agustina.acosta.536@hotmail.com
C0537,Tomás Torres,City Bell,2026-04-06,Perro y gato,tomas.torres.537@yahoo.com.ar
C0538,Facundo Martínez,,2026-06-14,Gato,facundo.martinez.538@yahoo.com.ar
C0539,Santiago Sánchez,City Bell,2023-01-19,Perro,santiago.sanchez.539@gmail.com
C0540,Sofía Castro,Ensenada,2025-01-27,Gato,sofia.castro.540@outlook.com
C0541,Martina Romero,Los Hornos,2024-05-25,Gato,martina.romero.541@hotmail.com
C0542,Franco Álvarez,Berisso,2023-06-08,Gato,franco.alvarez.542@yahoo.com.ar
C0543,Agustina Martínez,La Plata,2025-07-23,Otro,agustina.martinez.543@hotmail.com
C0544,Mateo Pérez,La Plata,2023-04-27,Gato,mateo.perez.544@hotmail.com
C0545,Agustina González,City Bell,2023-09-08,Perro,agustina.gonzalez.545@outlook.com
C0546,Sofía Acosta,City Bell,2025-12-15,Gato,sofia.acosta.546@gmail.com
C0547,Nicolás Martínez,Ringuelet,2024-03-02,Gato,nicolas.martinez.547@yahoo.com.ar
C0548,Bruno Fernández,Los Hornos,2023-04-24,Perro,bruno.fernandez.548@yahoo.com.ar
C0549,Lucía Fernández,Berisso,2023-10-24,Gato,lucia.fernandez.549@hotmail.com
C0550,Tomás Díaz,City Bell,2026-06-24,Gato,tomas.diaz.550@yahoo.com.ar
C0551,Tomás Rodríguez,La Plata,2025-03-08,Perro,tomas.rodriguez.551@gmail.com
C0552,Valentina López,Berisso,2024-05-03,Perro,valentina.lopez.552@gmail.com
C0553,Delfina Castro,La Plata,2025-05-20,Perro,delfina.castro.553@gmail.com
C0554,Camila Martínez,La Plata,2023-01-06,Perro,camila.martinez.554@outlook.com
C0555,Benjamín Benítez,City Bell,2023-05-16,Otro,benjamin.benitez.555@gmail.com
C0556,Joaquín Martínez,Tolosa,2023-07-11,Perro,joaquin.martinez.556@hotmail.com
C0557,Sofía Torres,La Plata,2023-10-25,Ave,sofia.torres.557@yahoo.com.ar
C0558,Facundo Gómez,Los Hornos,2023-10-27,Gato,facundo.gomez.558@outlook.com
C0559,Benjamín Ruiz,Los Hornos,2025-04-27,Otro,benjamin.ruiz.559@gmail.com
C0560,Bautista Rodríguez,Berisso,2023-01-27,Ave,bautista.rodriguez.560@gmail.com
C0561,Julieta Torres,Los Hornos,2024-06-24,Ave,julieta.torres.561@gmail.com
C0562,Bruno López,Ensenada,2024-08-28,Gato,bruno.lopez.562@gmail.com
C0563,Bruno Benítez,La Plata,2026-05-12,Gato,bruno.benitez.563@outlook.com
C0564,Lucía Castro,City Bell,2024-02-19,Gato,lucia.castro.564@gmail.com
C0565,Delfina González,Los Hornos,2023-02-25,Perro,delfina.gonzalez.565@yahoo.com.ar
C0566,Tomás Gómez,City Bell,2024-04-25,Gato,tomas.gomez.566@gmail.com
C0567,Malena Pérez,Villa Elisa,2025-10-25,Ave,malena.perez.567@gmail.com
C0568,Tomás González,La Plata,2023-07-05,Otro,tomas.gonzalez.568@gmail.com
C0569,Delfina Rodríguez,La Plata,2024-05-27,Otro,delfina.rodriguez.569@yahoo.com.ar
C0570,Julieta Suárez,Los Hornos,2023-05-19,Gato,julieta.suarez.570@yahoo.com.ar
C0571,Lucía Martínez,Los Hornos,2025-09-27,Perro y gato,lucia.martinez.571@yahoo.com.ar
C0572,Facundo Álvarez,Ensenada,2025-09-15,Otro,facundo.alvarez.572@outlook.com
C0573,Agustina Acosta,La Plata,2025-06-11,Otro,agustina.acosta.573@gmail.com
C0574,Tomás Acosta,Ringuelet,2024-07-16,Ave,tomas.acosta.574@outlook.com
C0575,Lucía Álvarez,Los Hornos,2023-03-14,Perro,lucia.alvarez.575@yahoo.com.ar
C0576,Franco Pérez,City Bell,2025-10-21,Otro,franco.perez.576@outlook.com
C0577,Valentina Martínez,Tolosa,2024-11-30,Gato,valentina.martinez.577@yahoo.com.ar
C0578,Joaquín Pérez,Los Hornos,2023-07-27,Otro,joaquin.perez.578@yahoo.com.ar
C0579,Bautista Gómez,City Bell,2023-01-21,Perro,bautista.gomez.579@outlook.com
C0580,Benjamín Díaz,Los Hornos,2024-01-17,Ave,benjamin.diaz.580@hotmail.com
C0581,Facundo Acosta,Los Hornos,2023-11-17,Perro,facundo.acosta.581@gmail.com
C0582,Agustina Álvarez,Villa Elisa,2023-11-19,Otro,agustina.alvarez.582@outlook.com
C0583,Martina López,Villa Elisa,2024-01-04,Perro,martina.lopez.583@hotmail.com
C0584,Delfina Castro,Ringuelet,2025-11-27,Ave,delfina.castro.584@outlook.com
C0585,Nicolás Benítez,La Plata,2025-05-04,Gato,nicolas.benitez.585@yahoo.com.ar
C0586,Franco Álvarez,City Bell,2024-12-17,Ave,franco.alvarez.586@hotmail.com
C0587,Sofía Rossi,City Bell,2026-04-19,Gato,sofia.rossi.587@gmail.com
C0588,Camila Fernández,La Plata,2024-12-12,Gato,camila.fernandez.588@hotmail.com
C0589,Julieta Ruiz,Los Hornos,2023-02-05,Gato,julieta.ruiz.589@hotmail.com
C0590,Malena Suárez,Ensenada,2026-05-30,Gato,malena.suarez.590@outlook.com
C0591,Santiago Ruiz,Los Hornos,2024-10-29,Gato,santiago.ruiz.591@gmail.com
C0592,Sofía López,Los Hornos,2024-03-04,Gato,sofia.lopez.592@gmail.com
C0593,Lucía Acosta,Ringuelet,2025-03-18,Perro,lucia.acosta.593@gmail.com
C0594,Bautista Martínez,Tolosa,2026-01-18,Otro,bautista.martinez.594@outlook.com
C0595,Franco Acosta,City Bell,2026-05-30,Ave,franco.acosta.595@hotmail.com
C0596,Bautista Benítez,Ringuelet,2025-11-06,Otro,bautista.benitez.596@hotmail.com
C0597,Valentina Fernández,Los Hornos,2024-02-01,Ave,valentina.fernandez.597@outlook.com
C0598,Benjamín Castro,Los Hornos,2026-03-16,Otro,benjamin.castro.598@hotmail.com
C0599,Valentina Castro,La Plata,2023-02-25,Perro,valentina.castro.599@outlook.com
C0600,Bautista Benítez,Villa Elisa,2026-02-28,Otro,bautista.benitez.600@hotmail.com
C0601,Tomás Suárez,City Bell,2024-07-09,Perro,tomas.suarez.601@outlook.com
C0602,Bruno Fernández,Ringuelet,2025-03-13,Ave,bruno.fernandez.602@outlook.com
C0603,Franco Acosta,Ensenada,2026-04-26,Perro y gato,franco.acosta.603@yahoo.com.ar
C0604,Bruno Herrera,Ensenada,2026-07-21,Perro,bruno.herrera.604@yahoo.com.ar
C0605,Santiago Acosta,Ringuelet,2024-07-23,Otro,santiago.acosta.605@yahoo.com.ar
C0606,Joaquín Díaz,Los Hornos,2023-07-25,Perro,joaquin.diaz.606@outlook.com
C0607,Agustina Rossi,City Bell,2024-02-24,Gato,agustina.rossi.607@gmail.com
C0608,Santiago Fernández,Ensenada,2024-09-03,Otro,santiago.fernandez.608@outlook.com
C0609,Camila López,La Plata,2024-01-18,Perro y gato,camila.lopez.609@outlook.com
C0610,Bautista Ruiz,La Plata,2025-03-14,Perro,bautista.ruiz.610@yahoo.com.ar
C0611,Lucía Benítez,La Plata,2026-02-13,Perro y gato,lucia.benitez.611@hotmail.com
C0612,Valentina Pérez,,2025-06-16,Perro y gato,valentina.perez.612@gmail.com
C0613,Agustina Fernández,Gonnet,2025-05-03,Gato,agustina.fernandez.613@hotmail.com
C0614,Benjamín Suárez,Los Hornos,2023-08-29,Perro,benjamin.suarez.614@outlook.com
C0615,Facundo Benítez,La Plata,2024-04-08,Perro y gato,facundo.benitez.615@gmail.com
C0616,Martina Martínez,La Plata,2025-10-06,Gato,martina.martinez.616@outlook.com
C0617,Nicolás Rossi,City Bell,2024-02-24,Perro,nicolas.rossi.617@gmail.com
C0618,Julieta Suárez,Los Hornos,2025-11-13,Ave,julieta.suarez.618@yahoo.com.ar
C0619,Facundo Silva,Los Hornos,2023-01-23,Otro,facundo.silva.619@hotmail.com
C0620,Lucía Rodríguez,City Bell,2023-07-29,Gato,lucia.rodriguez.620@gmail.com
C0621,Joaquín Silva,Los Hornos,2023-10-12,Perro y gato,joaquin.silva.621@hotmail.com
C0622,Facundo Rodríguez,Berisso,2024-02-07,Perro,facundo.rodriguez.622@hotmail.com
C0623,Delfina Suárez,City Bell,2023-12-04,Gato,delfina.suarez.623@yahoo.com.ar
C0624,Tomás Herrera,Ringuelet,2024-02-01,Otro,tomas.herrera.624@outlook.com
C0625,Malena Silva,Los Hornos,2023-11-08,Perro y gato,malena.silva.625@hotmail.com
C0626,Lucía Pérez,City Bell,2024-10-15,Otro,lucia.perez.626@gmail.com
C0627,Julieta Suárez,La Plata,2024-03-23,Perro,julieta.suarez.627@hotmail.com
C0628,Nicolás Acosta,La Plata,2024-12-13,Perro,nicolas.acosta.628@gmail.com
C0629,Camila Álvarez,Los Hornos,2024-12-03,Perro y gato,camila.alvarez.629@hotmail.com
C0630,Nicolás Sánchez,City Bell,2023-11-29,Gato,nicolas.sanchez.630@yahoo.com.ar
C0631,Bautista Gómez,City Bell,2023-03-19,Gato,bautista.gomez.631@outlook.com
C0632,Mateo Gómez,City Bell,2024-10-27,Ave,mateo.gomez.632@gmail.com
C0633,Franco Acosta,La Plata,2023-07-15,Perro,franco.acosta.633@outlook.com
C0634,Agustina Suárez,City Bell,2024-02-12,Perro,agustina.suarez.634@hotmail.com
C0635,Sofía Acosta,Los Hornos,2024-11-05,Perro y gato,sofia.acosta.635@gmail.com
C0636,Malena Rodríguez,Los Hornos,2025-02-09,Gato,malena.rodriguez.636@outlook.com
C0637,Malena Fernández,City Bell,2026-06-25,Perro,malena.fernandez.637@outlook.com
C0638,Joaquín Torres,Ringuelet,2023-07-18,Perro y gato,joaquin.torres.638@hotmail.com
C0639,Camila Castro,Gonnet,2026-05-28,Perro,camila.castro.639@yahoo.com.ar
C0640,Candela Fernández,Tolosa,2024-05-16,Ave,candela.fernandez.640@outlook.com
C0641,Santiago Sánchez,Berisso,2025-09-23,Gato,santiago.sanchez.641@yahoo.com.ar
C0642,Facundo Torres,Villa Elisa,2025-08-11,Gato,facundo.torres.642@outlook.com
C0643,Bautista Torres,Berisso,2023-08-29,Perro,bautista.torres.643@yahoo.com.ar
C0644,Joaquín Benítez,La Plata,2023-04-01,Ave,joaquin.benitez.644@yahoo.com.ar
C0645,Franco Fernández,Berisso,2025-06-30,Perro,franco.fernandez.645@outlook.com
C0646,Agustina Rodríguez,La Plata,2024-02-21,Gato,agustina.rodriguez.646outlook.com
C0647,Bruno González,La Plata,2024-02-24,Gato,bruno.gonzalez.647@gmail.com
C0648,Lucía Rossi,Villa Elisa,2026-03-12,Perro,lucia.rossi.648@hotmail.com
C0649,Facundo López,Los Hornos,2025-03-14,Perro y gato,facundo.lopez.649@yahoo.com.ar
C0650,Agustina Pérez,Los Hornos,2025-04-12,Perro,agustina.perez.650@hotmail.com
C0651,Nicolás Romero,Berisso,2026-04-05,Gato,nicolas.romero.651@outlook.com
C0652,Bautista Rossi,City Bell,2025-11-27,Gato,bautista.rossi.652@outlook.com
C0653,Joaquín Gómez,La Plata,2026-07-22,Otro,joaquin.gomez.653@outlook.com
C0654,Candela Herrera,La Plata,2026-03-22,Perro,candela.herrera.654@yahoo.com.ar
C0655,Facundo Acosta,City Bell,2024-12-20,Perro y gato,facundo.acosta.655@hotmail.com
C0656,Agustina Rossi,Gonnet,2023-06-17,Perro,agustina.rossi.656@outlook.com
C0657,Facundo Rossi,La Plata,2024-08-26,Perro,facundo.rossi.657@yahoo.com.ar
C0658,Nicolás Gómez,Los Hornos,2025-02-11,Perro,nicolas.gomez.658@gmail.com
C0659,Julieta Martínez,Los Hornos,2023-04-10,Ave,julieta.martinez.659@hotmail.com
C0660,Facundo Sánchez,City Bell,2024-03-03,Ave,facundo.sanchez.660@outlook.com
C0661,Sofía Herrera,Villa Elisa,2024-07-18,Gato,sofia.herrera.661@outlook.com
C0662,Bautista Martínez,La Plata,2024-04-12,Gato,bautista.martinez.662@yahoo.com.ar
C0663,Santiago Álvarez,Ringuelet,2024-10-22,Ave,santiago.alvarez.663@hotmail.com
C0664,Agustina Suárez,City Bell,2026-06-13,Perro,agustina.suarez.664@gmail.com
C0665,Bruno Torres,Los Hornos,2024-12-25,Gato,bruno.torres.665@gmail.com
C0666,Sofía Fernández,Villa Elisa,2026-05-23,Gato,sofia.fernandez.666@outlook.com
C0667,Julieta Martínez,Gonnet,2023-08-27,Gato,julieta.martinez.667@hotmail.com
C0668,Candela González,City Bell,2024-11-29,Perro y gato,candela.gonzalez.668@yahoo.com.ar
C0669,Agustina Martínez,Los Hornos,2024-04-10,Perro y gato,agustina.martinez.669@hotmail.com
C0670,Benjamín Álvarez,Ensenada,2026-04-26,Perro y gato,benjamin.alvarez.670@gmail.com
C0671,Agustina López,City Bell,2026-05-09,Perro,agustina.lopez.671@yahoo.com.ar
C0672,Mateo López,Los Hornos,2024-08-29,Gato,mateo.lopez.672@yahoo.com.ar
C0673,Malena Pérez,City Bell,2024-07-22,Otro,malena.perez.673@gmail.com
C0674,Joaquín Díaz,City Bell,2023-02-01,Perro,joaquin.diaz.674@outlook.com
C0675,Facundo Ruiz,City Bell,2023-07-22,Ave,facundo.ruiz.675@outlook.com
C0676,Delfina Díaz,Tolosa,2025-07-09,Perro y gato,delfina.diaz.676@outlook.com
C0677,Sofía Herrera,La Plata,2024-11-11,Ave,sofia.herrera.677@outlook.com
C0678,Mateo Benítez,Los Hornos,2025-11-10,Gato,mateo.benitez.678@outlook.com
C0679,Julieta Álvarez,La Plata,2026-05-05,Gato,julieta.alvarez.679@outlook.com
C0680,Bruno Romero,Gonnet,2025-04-17,Perro y gato,bruno.romero.680@outlook.com
C0681,Julieta Díaz,City Bell,2026-01-02,Perro,julieta.diaz.681@gmail.com
C0682,Candela Sánchez,City Bell,2026-04-18,Perro y gato,candela.sanchez.682@outlook.com
C0683,Joaquín Herrera,Ensenada,2025-09-08,Perro y gato,joaquin.herrera.683@hotmail.com
C0684,Mateo Rossi,City Bell,2024-11-18,Otro,mateo.rossi.684@gmail.com
C0685,Franco González,Ensenada,2025-09-03,Ave,franco.gonzalez.685@hotmail.com
C0686,Tomás Rodríguez,City Bell,2024-05-18,Gato,tomas.rodriguez.686@outlook.com
C0687,Agustina Ruiz,La Plata,2023-07-09,Otro,agustina.ruiz.687@outlook.com
C0688,Joaquín Castro,Ensenada,2025-10-11,Perro,joaquin.castro.688@gmail.com
C0689,Lucía Benítez,City Bell,2025-03-16,Ave,lucia.benitez.689@hotmail.com
C0690,Joaquín Castro,,2023-08-13,Gato,joaquin.castro.690@hotmail.com
C0691,Agustina Castro,Ensenada,2024-03-23,Otro,agustina.castro.691@gmail.com
C0692,Delfina Pérez,Los Hornos,2025-11-18,Gato,delfina.perez.692@yahoo.com.ar
C0693,Lucía Rodríguez,Tolosa,2025-12-26,Otro,lucia.rodriguez.693@hotmail.com
C0694,Joaquín Torres,City Bell,2026-02-05,Ave,joaquin.torres.694@hotmail.com
C0695,Benjamín Romero,Ensenada,2024-06-08,Gato,benjamin.romero.695@yahoo.com.ar
C0696,Julieta González,Berisso,2025-07-15,Otro,julieta.gonzalez.696@gmail.com
C0697,Camila Álvarez,City Bell,2023-03-20,Perro,camila.alvarez.697@gmail.com
C0698,Franco Sánchez,La Plata,2026-04-18,Perro y gato,franco.sanchez.698@hotmail.com
C0699,Bautista Pérez,Gonnet,2024-05-16,Ave,bautista.perez.699@yahoo.com.ar
C0700,Martina Castro,Ensenada,2023-10-01,Gato,martina.castro.700@yahoo.com.ar
C0701,Agustina López,Villa Elisa,2023-02-24,Ave,agustina.lopez.701@hotmail.com
C0702,Agustina Gómez,La Plata,,Gato,agustina.gomez.702@gmail.com
C0703,Santiago Fernández,Villa Elisa,2023-06-25,Otro,santiago.fernandez.703@yahoo.com.ar
C0704,Mateo Rossi,City Bell,2025-10-30,Gato,mateo.rossi.704@yahoo.com.ar
C0705,Delfina Herrera,La Plata,2025-11-14,Perro,delfina.herrera.705@hotmail.com
C0706,Candela Rodríguez,Ensenada,2024-06-13,Ave,candela.rodriguez.706@yahoo.com.ar
C0707,Facundo Castro,Ringuelet,2025-05-24,Otro,facundo.castro.707@yahoo.com.ar
C0708,Joaquín Martínez,Ensenada,2024-08-15,Perro y gato,joaquin.martinez.708@gmail.com
C0709,Julieta Herrera,Los Hornos,2024-04-01,Ave,julieta.herrera.709@yahoo.com.ar
C0710,Valentina Gómez,La Plata,2024-08-27,Gato,valentina.gomez.710@gmail.com
C0711,Sofía Rodríguez,Ringuelet,2026-03-29,Perro y gato,sofia.rodriguez.711@hotmail.com
C0712,Candela Suárez,La Plata,2025-11-20,Otro,candela.suarez.712@hotmail.com
C0713,Martina Gómez,City Bell,2024-05-04,Ave,martina.gomez.713@gmail.com
C0714,Julieta Herrera,City Bell,2023-10-04,Ave,julieta.herrera.714@outlook.com
C0715,Camila Silva,Los Hornos,2023-11-23,Perro,camila.silva.715@gmail.com
C0716,Lucía Castro,Gonnet,2024-02-12,Perro y gato,lucia.castro.716@gmail.com
C0717,Bautista González,Berisso,2023-01-06,Perro,bautista.gonzalez.717@yahoo.com.ar
C0718,Mateo Díaz,Ensenada,2025-03-02,Perro,mateo.diaz.718@yahoo.com.ar
C0719,Mateo Martínez,Tolosa,2024-04-17,Perro,mateo.martinez.719@yahoo.com.ar
C0720,Mateo Fernández,Gonnet,2025-01-29,Perro y gato,mateo.fernandez.720@gmail.com
C0721,Candela Torres,City Bell,2023-03-18,Perro,candela.torres.721@gmail.com
C0722,Bruno Rodríguez,La Plata,2024-07-09,Gato,bruno.rodriguez.722@hotmail.com
C0723,Camila Sánchez,City Bell,2024-05-30,Ave,camila.sanchez.723@outlook.com
C0724,Tomás Fernández,Ensenada,2024-03-10,Gato,tomas.fernandez.724@yahoo.com.ar
C0725,Franco Rossi,Ensenada,2025-11-14,Otro,franco.rossi.725@gmail.com
C0726,Bautista Sánchez,Los Hornos,2025-06-23,Perro y gato,bautista.sanchez.726@gmail.com
C0727,Lucía Fernández,La Plata,2024-05-11,Perro y gato,lucia.fernandez.727@gmail.com
C0728,Franco Sánchez,Los Hornos,2024-09-19,Ave,franco.sanchez.728@gmail.com
C0729,Franco Pérez,Villa Elisa,2025-09-01,Gato,franco.perez.729@outlook.com
C0730,Delfina Fernández,City Bell,2025-10-09,Gato,delfina.fernandez.730@outlook.com
C0731,Malena Silva,Tolosa,2023-04-01,Perro,malena.silva.731@gmail.com
C0732,Candela Álvarez,,2026-01-20,Otro,candela.alvarez.732@hotmail.com
C0733,Nicolás Torres,La Plata,2025-08-28,Perro,nicolas.torres.733@gmail.com
C0734,Martina Ruiz,Berisso,2025-04-25,Perro,martina.ruiz.734@outlook.com
C0735,Agustina Gómez,La Plata,2024-01-29,Perro,agustina.gomez.735@yahoo.com.ar
C0736,Camila González,City Bell,2024-01-21,Otro,camila.gonzalez.736@yahoo.com.ar
C0737,Valentina González,Los Hornos,2024-11-07,Ave,valentina.gonzalez.737@gmail.com
C0738,Franco López,La Plata,2026-01-03,Perro,franco.lopez.738@hotmail.com
C0739,Santiago Ruiz,City Bell,2025-09-07,Ave,santiago.ruiz.739@outlook.com
C0740,Franco Rodríguez,Los Hornos,2023-11-14,Perro y gato,franco.rodriguez.740@hotmail.com
C0741,Bautista Rossi,Los Hornos,2024-07-05,Perro y gato,bautista.rossi.741@outlook.com
C0742,Valentina Silva,City Bell,2026-02-13,Perro,valentina.silva.742@gmail.com
C0743,Facundo Gómez,Gonnet,2024-11-02,Gato,facundo.gomez.743@yahoo.com.ar
C0744,Benjamín Romero,City Bell,2025-12-04,Perro y gato,benjamin.romero.744@hotmail.com
C0745,Agustina Silva,Los Hornos,2025-03-09,Perro,agustina.silva.745@yahoo.com.ar
C0746,Benjamín Acosta,Los Hornos,2025-10-07,Otro,benjamin.acosta.746@hotmail.com
C0747,Santiago Gómez,La Plata,2023-04-14,Gato,santiago.gomez.747@yahoo.com.ar
C0748,Tomás Fernández,Ensenada,2024-11-28,Ave,tomas.fernandez.748@gmail.com
C0749,Nicolás Fernández,Gonnet,2025-05-10,Ave,nicolas.fernandez.749@outlook.com
C0750,Malena Pérez,La Plata,2026-07-07,Gato,malena.perez.750@outlook.com
C0751,Malena Benítez,Villa Elisa,2025-06-09,Perro y gato,malena.benitez.751@gmail.com
C0752,Facundo Ruiz,Gonnet,2026-03-16,Ave,facundo.ruiz.752@gmail.com
C0753,Mateo Romero,Ensenada,2023-02-06,Perro,mateo.romero.753@yahoo.com.ar
C0754,Valentina López,City Bell,2026-01-30,Perro y gato,valentina.lopez.754@yahoo.com.ar
C0755,Sofía Sánchez,Villa Elisa,2026-01-10,Perro,sofia.sanchez.755@gmail.com
C0756,Santiago Gómez,City Bell,2024-02-05,Otro,santiago.gomez.756@outlook.com
C0757,Lucía Díaz,La Plata,2026-06-10,Gato,lucia.diaz.757@gmail.com
C0758,Franco Benítez,Gonnet,2025-01-05,Perro,franco.benitez.758@hotmail.com
C0759,Sofía López,Gonnet,2023-03-17,Perro y gato,sofia.lopez.759@hotmail.com
C0760,Camila Castro,Los Hornos,2024-04-15,Otro,camila.castro.760@yahoo.com.ar
C0761,Camila Silva,Tolosa,2025-11-10,Perro y gato,camila.silva.761@outlook.com
C0762,Bautista González,Los Hornos,2023-06-21,Perro,bautista.gonzalez.762@yahoo.com.ar
C0763,Nicolás Torres,City Bell,2023-07-03,Otro,nicolas.torres.763@outlook.com
C0764,Delfina Benítez,Los Hornos,2023-02-25,Otro,delfina.benitez.764@yahoo.com.ar
C0765,Santiago Silva,Gonnet,2023-06-17,Perro y gato,santiago.silva.765@gmail.com
C0766,Franco Fernández,City Bell,2026-06-06,Gato,franco.fernandez.766@gmail.com
C0767,Delfina Martínez,Gonnet,2024-11-14,Perro y gato,delfina.martinez.767@yahoo.com.ar
C0768,Mateo Sánchez,Ringuelet,2025-04-26,Gato,mateo.sanchez.768@yahoo.com.ar
C0769,Martina Sánchez,City Bell,2023-09-21,Perro,martina.sanchez.769@outlook.com
C0770,Lucía Rodríguez,Los Hornos,2024-11-23,Otro,lucia.rodriguez.770@gmail.com
C0771,Valentina Castro,Gonnet,2025-03-21,Perro,valentina.castro.771@yahoo.com.ar
C0772,Santiago Acosta,Los Hornos,2023-04-12,Gato,santiago.acosta.772@yahoo.com.ar
C0773,Joaquín Álvarez,Los Hornos,2023-07-03,Perro y gato,joaquin.alvarez.773@yahoo.com.ar
C0774,Franco Ruiz,City Bell,2026-03-26,Gato,franco.ruiz.774@outlook.com
C0775,Malena Silva,La Plata,2025-12-30,Perro y gato,malena.silva.775@outlook.com
C0776,Benjamín Díaz,La Plata,2023-12-24,Gato,benjamin.diaz.776@outlook.com
C0777,Santiago Díaz,Ensenada,2024-02-27,Gato,santiago.diaz.777@hotmail.com
C0778,Bautista González,Gonnet,2024-09-02,Otro,bautista.gonzalez.778@hotmail.com
C0779,Bautista Fernández,Los Hornos,2023-06-22,Perro,bautista.fernandez.779@outlook.com
C0780,Malena Díaz,La Plata,2024-12-26,Perro y gato,malena.diaz.780@outlook.com
C0781,Camila Rossi,Los Hornos,2025-02-13,Perro,camila.rossi.781@yahoo.com.ar
C0782,Nicolás Pérez,La Plata,2025-10-18,Gato,nicolas.perez.782@gmail.com
C0783,Candela Acosta,Los Hornos,2024-07-10,Otro,candela.acosta.783@outlook.com
C0784,Bruno Díaz,La Plata,2024-10-03,Otro,bruno.diaz.784@outlook.com
C0785,Candela Rossi,City Bell,2026-04-12,Perro y gato,candela.rossi.785@yahoo.com.ar
C0786,Camila López,Los Hornos,2024-03-13,Gato,camila.lopez.786@hotmail.com
C0787,Joaquín Ruiz,Los Hornos,2026-02-10,Otro,joaquin.ruiz.787@yahoo.com.ar
C0788,Franco Sánchez,La Plata,2026-04-22,Perro,franco.sanchez.788@outlook.com
C0789,Santiago González,Tolosa,2024-01-19,Ave,santiago.gonzalez.789@hotmail.com
C0790,Malena Fernández,Los Hornos,2023-07-07,Otro,malena.fernandez.790@yahoo.com.ar
C0791,Santiago Álvarez,La Plata,2024-08-25,Gato,santiago.alvarez.791@yahoo.com.ar
C0792,Julieta Herrera,Villa Elisa,2025-02-15,Perro,julieta.herrera.792@hotmail.com
C0793,Lucía Sánchez,Ringuelet,2023-07-19,Perro,lucia.sanchez.793@hotmail.com
C0794,Malena Sánchez,Los Hornos,2024-10-23,Perro,malena.sanchez.794@gmail.com
C0795,Bautista Herrera,City Bell,2023-06-04,Otro,bautista.herrera.795@gmail.com
C0796,Bautista González,Ringuelet,2025-02-04,Ave,bautista.gonzalez.796@hotmail.com
C0797,Facundo Silva,Berisso,2024-10-31,Perro y gato,facundo.silva.797@hotmail.com
C0798,Bruno Álvarez,Los Hornos,2025-03-15,Perro,bruno.alvarez.798@hotmail.com
C0799,Valentina Torres,City Bell,2023-06-04,Ave,valentina.torres.799@yahoo.com.ar
C0800,Agustina Díaz,Los Hornos,2025-08-10,Perro,agustina.diaz.800@outlook.com
C0801,Camila Ruiz,Gonnet,2025-02-27,Perro y gato,camila.ruiz.801@yahoo.com.ar
C0802,Santiago Martínez,Villa Elisa,2025-01-24,Otro,santiago.martinez.802@gmail.com
C0803,Camila Torres,La Plata,2025-05-25,Perro,camila.torres.803@outlook.com
C0804,Agustina Acosta,Tolosa,2025-04-14,Perro y gato,agustina.acosta.804@hotmail.com
C0805,Nicolás Álvarez,La Plata,2023-02-25,Gato,nicolas.alvarez.805@yahoo.com.ar
C0806,Facundo Herrera,City Bell,2025-05-21,Gato,facundo.herrera.806@hotmail.com
C0807,Facundo Silva,Los Hornos,2025-12-23,Otro,facundo.silva.807@hotmail.com
C0808,Tomás Álvarez,Villa Elisa,2025-12-25,Perro,tomas.alvarez.808@hotmail.com
C0809,Facundo Suárez,Ringuelet,2023-07-20,Otro,facundo.suarez.809@gmail.com
C0810,Nicolás Torres,Gonnet,2023-10-12,Gato,nicolas.torres.810@hotmail.com
C0811,Julieta Acosta,City Bell,2026-01-27,Perro y gato,julieta.acosta.811@gmail.com
C0812,Valentina Rossi,City Bell,2024-11-30,Perro,valentina.rossi.812gmail.com
C0813,Joaquín Rodríguez,,2023-06-20,Gato,joaquin.rodriguez.813@hotmail.com
C0814,Valentina Romero,La Plata,2023-09-26,Perro y gato,valentina.romero.814@hotmail.com
C0815,Santiago Díaz,City Bell,2025-12-11,Ave,santiago.diaz.815@hotmail.com
C0816,Tomás López,La Plata,2024-03-03,Perro,tomas.lopez.816@hotmail.com
C0817,Mateo González,La Plata,2024-01-19,Perro,mateo.gonzalez.817@outlook.com
C0818,Mateo Silva,City Bell,2026-06-26,Perro,mateo.silva.818@yahoo.com.ar
C0819,Delfina Romero,La Plata,2025-05-17,Gato,delfina.romero.819@gmail.com
C0820,Mateo Martínez,Tolosa,2025-05-28,Gato,mateo.martinez.820@hotmail.com
C0821,Facundo Pérez,La Plata,2023-09-15,Gato,facundo.perez.821@yahoo.com.ar
C0822,Facundo Herrera,La Plata,2024-02-08,Ave,facundo.herrera.822@outlook.com
C0823,Bruno Acosta,Los Hornos,2025-12-03,Gato,bruno.acosta.823@outlook.com
C0824,Mateo Álvarez,Los Hornos,2024-06-05,Gato,mateo.alvarez.824@outlook.com
C0825,Franco Herrera,Los Hornos,2026-02-17,Perro,franco.herrera.825@yahoo.com.ar
C0826,Santiago Silva,Ringuelet,2023-03-23,Gato,santiago.silva.826@outlook.com
C0827,Valentina Sánchez,Berisso,2023-07-24,Gato,valentina.sanchez.827@outlook.com
C0828,Nicolás Suárez,La Plata,2024-02-06,Gato,nicolas.suarez.828@gmail.com
C0829,Malena Castro,Ringuelet,2024-03-24,Gato,malena.castro.829@yahoo.com.ar
C0830,Martina Fernández,La Plata,2023-07-11,Gato,martina.fernandez.830@outlook.com
C0831,Malena Gómez,La Plata,2026-05-02,Perro,malena.gomez.831@hotmail.com
C0832,Tomás Herrera,City Bell,2023-08-22,Perro,tomas.herrera.832@yahoo.com.ar
C0833,Facundo González,La Plata,2024-06-27,Gato,facundo.gonzalez.833@hotmail.com
C0834,Franco Ruiz,City Bell,2024-07-05,Otro,franco.ruiz.834@hotmail.com
C0835,Benjamín Álvarez,Gonnet,2025-12-18,Ave,benjamin.alvarez.835@yahoo.com.ar
C0836,Candela Herrera,City Bell,2024-04-08,Gato,candela.herrera.836@yahoo.com.ar
C0837,Julieta Torres,City Bell,2026-07-15,Gato,julieta.torres.837@hotmail.com
C0838,Facundo Torres,Ringuelet,2026-05-16,Otro,facundo.torres.838@yahoo.com.ar
C0839,Sofía Rossi,Los Hornos,2023-01-25,Otro,sofia.rossi.839@gmail.com
C0840,Santiago Herrera,Ensenada,2024-07-20,Perro y gato,santiago.herrera.840@outlook.com
C0841,Lucía Romero,City Bell,2025-03-25,Perro y gato,lucia.romero.841@hotmail.com
C0842,Sofía Rodríguez,La Plata,2024-09-21,Perro,sofia.rodriguez.842@yahoo.com.ar
C0843,Sofía Ruiz,Ringuelet,2024-02-16,Perro y gato,sofia.ruiz.843@yahoo.com.ar
C0844,Santiago Gómez,City Bell,2026-01-15,Perro,santiago.gomez.844@outlook.com
C0845,Joaquín Álvarez,La Plata,2026-06-11,Gato,joaquin.alvarez.845@yahoo.com.ar
C0846,Bruno Martínez,La Plata,2023-07-24,Perro y gato,bruno.martinez.846@hotmail.com
C0847,Delfina Ruiz,City Bell,2023-03-21,Ave,delfina.ruiz.847@outlook.com
C0848,Bruno Castro,City Bell,2024-07-12,Ave,bruno.castro.848@outlook.com
C0849,Bruno Sánchez,La Plata,2024-10-21,Perro,bruno.sanchez.849@hotmail.com
C0850,Tomás Rossi,La Plata,2023-11-29,Perro,tomas.rossi.850@hotmail.com
C0851,Julieta Herrera,City Bell,2023-10-27,Gato,julieta.herrera.851@hotmail.com
C0852,Julieta Gómez,Ringuelet,2026-02-01,Perro,julieta.gomez.852@gmail.com
C0853,Martina Rodríguez,Villa Elisa,2024-02-11,Ave,martina.rodriguez.853@hotmail.com
C0854,Valentina Martínez,La Plata,2023-11-21,Gato,valentina.martinez.854@gmail.com
C0855,Martina Gómez,Gonnet,2023-11-13,Gato,martina.gomez.855@outlook.com
C0856,Franco Benítez,Los Hornos,2025-10-06,Perro,franco.benitez.856@outlook.com
C0857,Tomás Torres,Berisso,2024-03-19,Perro,tomas.torres.857@yahoo.com.ar
C0858,Facundo Castro,City Bell,2024-02-04,Perro,facundo.castro.858@yahoo.com.ar
C0859,Franco Ruiz,Ensenada,2024-01-06,Perro,franco.ruiz.859@hotmail.com
C0860,Mateo Benítez,Ringuelet,2023-01-19,Perro,mateo.benitez.860@gmail.com
C0861,Camila González,La Plata,2024-02-14,Gato,camila.gonzalez.861@hotmail.com
C0862,Tomás Rodríguez,Tolosa,2023-10-04,Perro,tomas.rodriguez.862@gmail.com
C0863,Candela Benítez,Villa Elisa,2025-01-08,Gato,candela.benitez.863@yahoo.com.ar
C0864,Bautista Ruiz,La Plata,2025-11-19,Gato,bautista.ruiz.864@yahoo.com.ar
C0865,Santiago Ruiz,City Bell,2024-08-22,Gato,santiago.ruiz.865@hotmail.com
C0866,Facundo Suárez,Los Hornos,2023-10-20,Gato,facundo.suarez.866@gmail.com
C0867,Valentina Gómez,City Bell,2025-04-12,Gato,valentina.gomez.867@gmail.com
C0868,Delfina Álvarez,City Bell,2024-09-18,Perro y gato,delfina.alvarez.868@outlook.com
C0869,Agustina Álvarez,Ensenada,2023-08-07,Gato,agustina.alvarez.869@hotmail.com
C0870,Camila López,Berisso,2024-12-22,Gato,camila.lopez.870@gmail.com
C0871,Bruno Rossi,City Bell,2023-10-09,Perro y gato,bruno.rossi.871@outlook.com
C0872,Bruno Martínez,Ensenada,2023-08-19,Otro,bruno.martinez.872@hotmail.com
C0873,Martina Fernández,La Plata,2024-01-26,Gato,martina.fernandez.873@gmail.com
C0874,Valentina Rossi,La Plata,2025-01-18,Gato,valentina.rossi.874@hotmail.com
C0875,Facundo Ruiz,La Plata,2024-10-14,Gato,facundo.ruiz.875@outlook.com
C0876,Nicolás Silva,Gonnet,2025-11-05,Perro y gato,nicolas.silva.876@hotmail.com
C0877,Sofía Silva,Los Hornos,2026-05-31,Perro,sofia.silva.877@outlook.com
C0878,Benjamín Díaz,La Plata,2023-10-12,Perro y gato,benjamin.diaz.878@hotmail.com
C0879,Tomás Fernández,Los Hornos,2026-03-29,Perro,tomas.fernandez.879@gmail.com
C0880,Martina Castro,Ringuelet,2025-02-23,Perro,martina.castro.880@yahoo.com.ar
C0881,Lucía Castro,La Plata,2023-02-19,Perro,lucia.castro.881@yahoo.com.ar
C0882,Sofía González,La Plata,2025-03-18,Otro,sofia.gonzalez.882@yahoo.com.ar
C0883,Agustina Álvarez,La Plata,2024-11-09,Gato,agustina.alvarez.883@hotmail.com
C0884,Lucía Álvarez,Los Hornos,2025-01-30,Gato,lucia.alvarez.884@outlook.com
C0885,Joaquín Rossi,City Bell,2025-07-10,Perro y gato,joaquin.rossi.885@yahoo.com.ar
C0886,Santiago González,La Plata,2025-04-03,Gato,santiago.gonzalez.886@outlook.com
C0887,Bautista Fernández,Ensenada,2026-01-24,Otro,bautista.fernandez.887@hotmail.com
C0888,Santiago Sánchez,Berisso,2026-05-29,Perro,santiago.sanchez.888@yahoo.com.ar
C0889,Mateo González,Ensenada,2025-07-03,Gato,mateo.gonzalez.889@yahoo.com.ar
C0890,Joaquín Álvarez,La Plata,2023-03-16,Gato,joaquin.alvarez.890@outlook.com
C0891,Camila Álvarez,Gonnet,2023-06-20,Otro,camila.alvarez.891@hotmail.com
C0892,Valentina González,Los Hornos,2023-04-08,Gato,valentina.gonzalez.892@hotmail.com
C0893,Sofía González,Ringuelet,2023-02-12,Gato,sofia.gonzalez.893@outlook.com
C0894,Agustina Fernández,La Plata,2023-09-17,Perro,agustina.fernandez.894@outlook.com
C0895,Bruno López,Tolosa,2025-03-12,Perro,bruno.lopez.895@outlook.com
C0896,Nicolás González,La Plata,2024-07-25,Ave,nicolas.gonzalez.896@gmail.com
C0897,Delfina Pérez,City Bell,2025-11-14,Perro,delfina.perez.897@gmail.com
C0898,Nicolás Suárez,Los Hornos,2024-10-05,Perro y gato,nicolas.suarez.898@outlook.com
C0899,Malena Díaz,Ensenada,2024-01-22,Gato,malena.diaz.899@gmail.com
C0900,Lucía Suárez,,2024-04-07,Otro,lucia.suarez.900@gmail.com
C0901,Bruno Fernández,Los Hornos,2024-05-02,Gato,bruno.fernandez.901@outlook.com
C0902,Delfina Álvarez,Tolosa,2026-07-01,Gato,delfina.alvarez.902@hotmail.com
C0903,Delfina Álvarez,City Bell,2026-03-18,Gato,delfina.alvarez.903@outlook.com
C0904,Lucía Martínez,Berisso,2025-09-13,Otro,lucia.martinez.904@gmail.com
C0905,Mateo Castro,City Bell,2023-01-19,Gato,mateo.castro.905@yahoo.com.ar
C0906,Agustina Acosta,Los Hornos,2025-09-05,Perro y gato,agustina.acosta.906@hotmail.com
C0907,Malena González,Ringuelet,2024-11-06,Perro,malena.gonzalez.907@gmail.com
C0908,Bautista Fernández,Los Hornos,2024-01-24,Perro,bautista.fernandez.908@outlook.com
C0909,Lucía Romero,Los Hornos,2026-03-01,Perro,lucia.romero.909@gmail.com
C0910,Franco González,Los Hornos,2023-10-13,Perro,franco.gonzalez.910@gmail.com
C0911,Malena Ruiz,Los Hornos,2025-06-20,Perro,malena.ruiz.911@gmail.com
C0912,Joaquín López,La Plata,2025-01-13,Perro,joaquin.lopez.912@hotmail.com
C0913,Facundo Rodríguez,Los Hornos,2023-02-22,Perro,facundo.rodriguez.913@outlook.com
C0914,Martina Romero,Los Hornos,2025-03-09,Ave,martina.romero.914@yahoo.com.ar
C0915,Mateo Suárez,Tolosa,2023-08-25,Gato,mateo.suarez.915@yahoo.com.ar
C0916,Tomás Rossi,La Plata,2026-05-25,Perro,tomas.rossi.916@gmail.com
C0917,Joaquín Silva,City Bell,2025-11-23,Perro y gato,joaquin.silva.917@gmail.com
C0918,Julieta Ruiz,City Bell,2026-07-23,Gato,julieta.ruiz.918@yahoo.com.ar
C0919,Valentina Acosta,Los Hornos,2026-02-16,Perro,valentina.acosta.919@yahoo.com.ar
C0920,Agustina Herrera,La Plata,2026-02-26,Perro,agustina.herrera.920@gmail.com
C0921,Santiago Acosta,City Bell,2023-09-19,Ave,santiago.acosta.921@hotmail.com
C0922,Candela Rossi,La Plata,2023-08-27,Gato,candela.rossi.922@yahoo.com.ar
C0923,Valentina Romero,La Plata,2023-05-17,Gato,valentina.romero.923@hotmail.com
C0924,Camila Gómez,Los Hornos,2025-04-20,Perro,camila.gomez.924@hotmail.com
C0925,Candela Silva,Los Hornos,2024-09-16,Otro,candela.silva.925@hotmail.com
C0926,Facundo Romero,Los Hornos,2024-12-19,Otro,facundo.romero.926@hotmail.com
C0927,Mateo Ruiz,Los Hornos,2025-09-13,Perro,mateo.ruiz.927@yahoo.com.ar
C0928,Agustina Silva,Tolosa,2026-03-05,Gato,agustina.silva.928@outlook.com
C0929,Bruno Gómez,Berisso,2025-12-25,Perro,bruno.gomez.929@yahoo.com.ar
C0930,Sofía Pérez,City Bell,2024-02-08,Gato,sofia.perez.930@gmail.com
C0931,Bruno Fernández,Tolosa,2023-10-17,Ave,bruno.fernandez.931@gmail.com
C0932,Agustina Sánchez,La Plata,2023-11-25,Otro,agustina.sanchez.932@hotmail.com
C0933,Malena Torres,Los Hornos,2023-08-30,Otro,malena.torres.933@gmail.com
C0934,Franco Torres,Ringuelet,2024-06-29,Perro,franco.torres.934@gmail.com
C0935,Lucía González,Ensenada,2024-05-24,Perro,lucia.gonzalez.935@hotmail.com
C0936,Agustina Benítez,La Plata,2025-12-22,Perro,agustina.benitez.936@yahoo.com.ar
C0937,Bautista Díaz,Los Hornos,2023-12-24,Ave,bautista.diaz.937@gmail.com
C0938,Nicolás Rossi,Los Hornos,2026-03-23,Perro y gato,nicolas.rossi.938@gmail.com
C0939,Sofía Ruiz,City Bell,2023-09-04,Otro,sofia.ruiz.939@outlook.com
C0940,Bruno Fernández,La Plata,2023-04-22,Ave,bruno.fernandez.940@hotmail.com
C0941,Santiago Fernández,Ensenada,2024-01-22,Otro,santiago.fernandez.941@hotmail.com
C0942,Delfina Acosta,Tolosa,2025-08-04,Gato,delfina.acosta.942@yahoo.com.ar
C0943,Bruno Álvarez,Tolosa,2025-12-02,Gato,bruno.alvarez.943@gmail.com
C0944,Camila Rossi,Los Hornos,2023-01-30,Perro,camila.rossi.944@outlook.com
C0945,Joaquín Pérez,City Bell,2025-03-12,Otro,joaquin.perez.945hotmail.com
C0946,Delfina Fernández,La Plata,2026-06-02,Gato,delfina.fernandez.946@yahoo.com.ar
C0947,Santiago Suárez,La Plata,2025-05-02,Otro,santiago.suarez.947@outlook.com
C0948,Martina López,La Plata,2024-09-02,Gato,martina.lopez.948@gmail.com
C0949,Benjamín Fernández,La Plata,2023-02-10,Perro y gato,benjamin.fernandez.949@outlook.com
C0950,Delfina Rossi,La Plata,2025-02-17,Perro,delfina.rossi.950@yahoo.com.ar
C0951,Benjamín Rossi,Los Hornos,2024-07-14,Ave,benjamin.rossi.951@hotmail.com
C0952,Julieta López,La Plata,2023-10-21,Perro y gato,julieta.lopez.952@hotmail.com
C0953,Candela Díaz,Ringuelet,2025-09-02,Ave,candela.diaz.953@outlook.com
C0954,Malena Herrera,Villa Elisa,2025-01-25,Gato,malena.herrera.954@gmail.com
C0955,Joaquín Suárez,Los Hornos,2023-01-09,Gato,joaquin.suarez.955@gmail.com
C0956,Candela Acosta,Ringuelet,2024-05-15,Otro,candela.acosta.956@yahoo.com.ar
C0957,Franco Álvarez,,2024-06-18,Gato,franco.alvarez.957@gmail.com
C0958,Sofía López,Los Hornos,2025-12-21,Perro,sofia.lopez.958@hotmail.com
C0959,Sofía Romero,City Bell,2025-10-23,Gato,sofia.romero.959@yahoo.com.ar
C0960,Martina Sánchez,Ringuelet,2023-01-04,Perro,martina.sanchez.960@hotmail.com
C0961,Franco Gómez,Villa Elisa,2025-01-28,Ave,franco.gomez.961@yahoo.com.ar
C0962,Malena Silva,La Plata,2024-04-05,Gato,malena.silva.962@hotmail.com
C0963,Facundo Ruiz,Los Hornos,2024-05-07,Perro,facundo.ruiz.963@yahoo.com.ar
C0964,Valentina Romero,La Plata,2025-07-28,Gato,valentina.romero.964@yahoo.com.ar
C0965,Joaquín Benítez,Tolosa,2023-03-25,Otro,joaquin.benitez.965@yahoo.com.ar
C0966,Benjamín Ruiz,Los Hornos,2023-06-11,Perro,benjamin.ruiz.966@yahoo.com.ar
C0967,Santiago Romero,Los Hornos,2024-09-20,Perro y gato,santiago.romero.967@gmail.com
C0968,Bruno Romero,La Plata,2023-02-17,Perro y gato,bruno.romero.968@hotmail.com
C0969,Tomás Torres,La Plata,2025-12-11,Perro y gato,tomas.torres.969@outlook.com
C0970,Nicolás Sánchez,Los Hornos,2023-04-22,Perro y gato,nicolas.sanchez.970@outlook.com
C0971,Mateo Suárez,Tolosa,2023-11-01,Gato,mateo.suarez.971@hotmail.com
C0972,Sofía Pérez,Los Hornos,2026-02-22,Gato,sofia.perez.972@gmail.com
C0973,Lucía Pérez,Villa Elisa,2025-10-02,Perro y gato,lucia.perez.973@outlook.com
C0974,Bautista Gómez,City Bell,2024-09-12,Ave,bautista.gomez.974@yahoo.com.ar
C0975,Franco Álvarez,Ensenada,2026-03-27,Ave,franco.alvarez.975@hotmail.com
C0976,Facundo Silva,La Plata,2023-08-17,Gato,facundo.silva.976@yahoo.com.ar
C0977,Mateo López,Los Hornos,2023-08-19,Perro,mateo.lopez.977@hotmail.com
C0978,Camila Díaz,Gonnet,2026-05-19,Ave,camila.diaz.978@gmail.com
C0979,Agustina Benítez,Gonnet,2025-04-18,Perro,agustina.benitez.979@outlook.com
C0980,Franco Álvarez,Los Hornos,2026-03-15,Perro,franco.alvarez.980@gmail.com
C0981,Candela Álvarez,Ensenada,2024-07-04,Gato,candela.alvarez.981@gmail.com
C0982,Julieta Suárez,City Bell,2023-10-07,Otro,julieta.suarez.982@hotmail.com
C0983,Martina Álvarez,Ringuelet,2023-08-03,Gato,martina.alvarez.983@yahoo.com.ar
C0984,Nicolás Gómez,Tolosa,2025-06-16,Perro,nicolas.gomez.984@yahoo.com.ar
C0985,Lucía Torres,City Bell,2026-07-17,Perro,lucia.torres.985@gmail.com
C0986,Facundo Ruiz,La Plata,2024-01-16,Otro,facundo.ruiz.986@yahoo.com.ar
C0987,Nicolás Acosta,Tolosa,2024-08-13,Gato,nicolas.acosta.987@yahoo.com.ar
C0988,Malena Gómez,La Plata,2026-06-27,Gato,malena.gomez.988@hotmail.com
C0989,Facundo Pérez,City Bell,2025-11-25,Otro,facundo.perez.989@hotmail.com
C0990,Facundo Acosta,City Bell,2023-09-15,Perro,facundo.acosta.990@yahoo.com.ar
C0991,Facundo Gómez,La Plata,2024-03-05,Perro,facundo.gomez.991@hotmail.com
C0992,Franco Herrera,Los Hornos,2025-03-27,Perro y gato,franco.herrera.992@hotmail.com
C0993,Nicolás Suárez,La Plata,2024-07-06,Gato,nicolas.suarez.993@gmail.com
C0994,Camila Díaz,Los Hornos,2023-05-29,Ave,camila.diaz.994@gmail.com
C0995,Agustina González,Ensenada,2023-11-30,Perro,agustina.gonzalez.995@yahoo.com.ar
C0996,Julieta Álvarez,La Plata,2024-12-03,Perro,julieta.alvarez.996@outlook.com
C0997,Benjamín González,City Bell,2026-02-08,Gato,benjamin.gonzalez.997@gmail.com
C0998,Benjamín Fernández,Los Hornos,2026-03-16,Gato,benjamin.fernandez.998@outlook.com
C0999,Bautista Castro,La Plata,2023-04-05,Gato,bautista.castro.999@outlook.com
C1000,Benjamín Herrera,La Plata,2023-05-03,Otro,
C1001,Camila Suárez,La Plata,2025-03-04,Gato,camila.suarez.1001@hotmail.com
C1002,Sofía Silva,City Bell,2023-02-07,Perro,sofia.silva.1002@hotmail.com
C1003,Candela Martínez,La Plata,2024-05-08,Perro,candela.martinez.1003@outlook.com
C1004,Tomás Díaz,Los Hornos,2023-07-20,Gato,tomas.diaz.1004@outlook.com
C1005,Delfina Acosta,Tolosa,2025-10-17,Gato,delfina.acosta.1005@outlook.com
C1006,Mateo Torres,City Bell,2023-04-09,Gato,mateo.torres.1006@gmail.com
C1007,Julieta Sánchez,Berisso,2026-04-30,Gato,julieta.sanchez.1007@gmail.com
C1008,Franco González,,2025-09-28,Gato,franco.gonzalez.1008@outlook.com
C1009,Facundo González,Tolosa,2024-02-04,Perro,facundo.gonzalez.1009@gmail.com
C1010,Julieta Rossi,Berisso,2025-07-18,Perro y gato,julieta.rossi.1010@hotmail.com
C1011,Joaquín Suárez,La Plata,2023-08-15,Gato,joaquin.suarez.1011@outlook.com
C1012,Franco Rossi,Tolosa,2025-01-08,Gato,franco.rossi.1012@yahoo.com.ar
C1013,Julieta Rossi,Los Hornos,2026-03-04,Perro,julieta.rossi.1013@yahoo.com.ar
C1014,Agustina Herrera,City Bell,2023-10-10,Perro,agustina.herrera.1014@hotmail.com
C1015,Julieta Rodríguez,Los Hornos,2025-11-14,Perro,julieta.rodriguez.1015@hotmail.com
C1016,Agustina Gómez,Los Hornos,2026-03-18,Perro y gato,agustina.gomez.1016@hotmail.com
C1017,Facundo López,Gonnet,2023-02-07,Perro y gato,facundo.lopez.1017@gmail.com
C1018,Delfina Castro,Los Hornos,2023-07-29,Gato,delfina.castro.1018@outlook.com
C1019,Valentina Romero,City Bell,2023-07-06,Perro y gato,valentina.romero.1019@hotmail.com
C1020,Santiago Torres,Villa Elisa,2026-07-03,Ave,santiago.torres.1020@hotmail.com
C1021,Facundo Fernández,Tolosa,2025-03-28,Gato,facundo.fernandez.1021@yahoo.com.ar
C1022,Camila González,Villa Elisa,2026-05-16,Ave,camila.gonzalez.1022@yahoo.com.ar
C1023,Facundo Pérez,Los Hornos,2026-02-17,Ave,facundo.perez.1023@outlook.com
C1024,Lucía Acosta,Ringuelet,2023-04-03,Perro y gato,lucia.acosta.1024@outlook.com
C1025,Bautista Díaz,Los Hornos,2023-09-30,Gato,bautista.diaz.1025@hotmail.com
C1026,Facundo Torres,Villa Elisa,2024-02-17,Gato,facundo.torres.1026@yahoo.com.ar
C1027,Bautista Benítez,Ensenada,2023-01-21,Gato,bautista.benitez.1027@outlook.com
C1028,Mateo Díaz,Berisso,2025-03-12,Perro,mateo.diaz.1028@gmail.com
C1029,Malena González,La Plata,2025-08-08,Gato,malena.gonzalez.1029@yahoo.com.ar
C1030,Sofía Acosta,City Bell,2023-07-28,Otro,sofia.acosta.1030@outlook.com
C1031,Nicolás Romero,Ringuelet,2025-09-03,Perro,nicolas.romero.1031@gmail.com
C1032,Benjamín Silva,Los Hornos,2023-10-28,Perro,benjamin.silva.1032@hotmail.com
C1033,Bruno Silva,Ensenada,2024-06-29,Perro y gato,bruno.silva.1033@yahoo.com.ar
C1034,Candela Rodríguez,Ensenada,2023-09-11,Perro,candela.rodriguez.1034@yahoo.com.ar
C1035,Julieta Gómez,Tolosa,2024-05-14,Perro y gato,julieta.gomez.1035@outlook.com
C1036,Tomás Torres,Los Hornos,2026-03-10,Gato,tomas.torres.1036@hotmail.com
C1037,Mateo Romero,La Plata,2026-01-07,Otro,mateo.romero.1037@gmail.com
C1038,Tomás Gómez,Gonnet,2024-08-11,Gato,tomas.gomez.1038@outlook.com
C1039,Sofía López,Berisso,2025-12-07,Perro y gato,sofia.lopez.1039@outlook.com
C1040,Sofía Álvarez,Berisso,2024-12-23,Ave,sofia.alvarez.1040@yahoo.com.ar
C1041,Agustina Martínez,Gonnet,2026-02-17,Perro,agustina.martinez.1041@outlook.com
C1042,Joaquín Sánchez,Los Hornos,2023-10-30,Gato,joaquin.sanchez.1042@outlook.com
C1043,Facundo Romero,City Bell,2024-05-25,Perro y gato,facundo.romero.1043@outlook.com
C1044,Santiago Rossi,City Bell,2024-06-15,Perro,santiago.rossi.1044@outlook.com
C1045,Agustina Romero,Tolosa,2026-05-12,Ave,agustina.romero.1045@hotmail.com
C1046,Malena Fernández,Los Hornos,2024-05-11,Perro y gato,malena.fernandez.1046@yahoo.com.ar
C1047,Nicolás Gómez,La Plata,2026-07-06,Otro,nicolas.gomez.1047@outlook.com
C1048,Agustina Fernández,La Plata,2024-02-29,Ave,agustina.fernandez.1048@hotmail.com
C1049,Julieta Díaz,Los Hornos,2023-02-14,Gato,julieta.diaz.1049@gmail.com
C1050,Nicolás Castro,Ensenada,2024-05-19,Otro,nicolas.castro.1050@yahoo.com.ar
C1051,Martina Romero,La Plata,2025-03-10,Gato,martina.romero.1051@hotmail.com
C1052,Delfina Pérez,Villa Elisa,2025-12-26,Gato,delfina.perez.1052@hotmail.com
C1053,Camila Díaz,City Bell,2025-09-09,Ave,camila.diaz.1053@outlook.com
C1054,Camila Acosta,La Plata,2025-03-20,Perro y gato,camila.acosta.1054@gmail.com
C1055,Joaquín Martínez,City Bell,2025-08-21,Otro,joaquin.martinez.1055@hotmail.com
C1056,Malena González,Ringuelet,2026-01-13,Otro,malena.gonzalez.1056@hotmail.com
C1057,Nicolás Fernández,Ringuelet,2026-03-13,Perro,nicolas.fernandez.1057@yahoo.com.ar
C1058,Malena Rossi,La Plata,2025-02-26,Perro y gato,malena.rossi.1058@gmail.com
C1059,Valentina Díaz,Tolosa,2024-02-14,Perro,valentina.diaz.1059@outlook.com
C1060,Facundo Sánchez,City Bell,2026-06-16,Perro y gato,facundo.sanchez.1060@hotmail.com
C1061,Candela Benítez,La Plata,2025-01-05,Ave,candela.benitez.1061@yahoo.com.ar
C1062,Franco Fernández,Los Hornos,2026-06-30,Gato,franco.fernandez.1062@hotmail.com
C1063,Benjamín Suárez,City Bell,2024-12-05,Gato,benjamin.suarez.1063@hotmail.com
C1064,Tomás Torres,La Plata,2024-06-16,Perro,tomas.torres.1064@hotmail.com
C1065,Agustina Silva,La Plata,2023-09-17,Perro y gato,agustina.silva.1065@gmail.com
C1066,Facundo González,La Plata,2023-01-04,Perro y gato,facundo.gonzalez.1066@gmail.com
C1067,Sofía Acosta,Gonnet,2026-05-14,Gato,sofia.acosta.1067@outlook.com
C1068,Tomás Sánchez,Ringuelet,2025-03-07,Perro,tomas.sanchez.1068@yahoo.com.ar
C1069,Lucía Silva,La Plata,2024-03-10,Gato,lucia.silva.1069@outlook.com
C1070,Lucía Gómez,Ringuelet,2026-06-27,Perro,lucia.gomez.1070@hotmail.com
C1071,Santiago Gómez,Los Hornos,2025-02-13,Gato,santiago.gomez.1071@yahoo.com.ar
C1072,Lucía Silva,City Bell,2023-12-05,Ave,lucia.silva.1072@gmail.com
C1073,Nicolás Díaz,Los Hornos,2024-09-29,Gato,nicolas.diaz.1073@outlook.com
C1074,Mateo Suárez,Tolosa,2024-10-24,Perro,mateo.suarez.1074@hotmail.com
C1075,Tomás Benítez,Gonnet,2024-10-22,Otro,tomas.benitez.1075@hotmail.com
C1076,Facundo Herrera,La Plata,2024-02-08,Ave,facundo.herrera.1076@outlook.com
C1077,Valentina Rodríguez,City Bell,2025-02-28,Perro,valentina.rodriguez.1077@gmail.com
C1078,Valentina Ruiz,Los Hornos,2024-11-25,Perro,valentina.ruiz.1078@gmail.com
C1079,Malena López,Ensenada,2025-02-09,Ave,malena.lopez.1079@outlook.com
C1080,Santiago Ruiz,La Plata,2024-04-13,Perro,santiago.ruiz.1080@outlook.com
C1081,Bautista Benítez,Los Hornos,2023-12-15,Ave,bautista.benitez.1081@yahoo.com.ar
C1082,Facundo Díaz,Los Hornos,2023-07-19,Perro y gato,facundo.diaz.1082@yahoo.com.ar
C1083,Camila Romero,Berisso,2023-05-08,Perro,camila.romero.1083@hotmail.com
C1084,Martina Romero,La Plata,2026-04-29,Ave,martina.romero.1084@outlook.com
C1085,Lucía Díaz,La Plata,2024-08-15,Perro,lucia.diaz.1085@gmail.com
C1086,Martina Herrera,Tolosa,2025-07-23,Perro y gato,martina.herrera.1086@gmail.com
C1087,Valentina Pérez,City Bell,2025-03-18,Perro,valentina.perez.1087@yahoo.com.ar
C1088,Benjamín Rossi,Ensenada,2024-05-16,Ave,benjamin.rossi.1088@yahoo.com.ar
C1089,Julieta Díaz,,2025-06-28,Gato,julieta.diaz.1089@outlook.com
C1090,Benjamín Álvarez,La Plata,2026-02-28,Gato,benjamin.alvarez.1090@outlook.com
C1091,Nicolás Silva,Gonnet,2024-04-06,Gato,nicolas.silva.1091@gmail.com
C1092,Agustina Romero,Los Hornos,2025-12-29,Perro,agustina.romero.1092@outlook.com
C1093,Santiago Torres,City Bell,2025-05-20,Perro,santiago.torres.1093@hotmail.com
C1094,Malena Fernández,La Plata,2023-05-09,Gato,malena.fernandez.1094@outlook.com
C1095,Joaquín Rodríguez,Los Hornos,2023-07-28,Otro,joaquin.rodriguez.1095@outlook.com
C1096,Bautista Herrera,Los Hornos,2024-01-29,Gato,bautista.herrera.1096@outlook.com
C1097,Bruno Gómez,City Bell,2023-02-15,Ave,bruno.gomez.1097@hotmail.com
C1098,Camila Pérez,La Plata,2026-05-09,Perro,camila.perez.1098@outlook.com
C1099,Sofía Herrera,La Plata,2025-04-16,Gato,sofia.herrera.1099@outlook.com
C1100,Agustina Romero,Los Hornos,2024-10-12,Perro,agustina.romero.1100@outlook.com
C1101,Joaquín Acosta,Los Hornos,2025-06-12,Otro,joaquin.acosta.1101@gmail.com
C1102,Malena Sánchez,Tolosa,2024-10-11,Gato,malena.sanchez.1102@outlook.com
C1103,Nicolás Castro,Ringuelet,2023-01-13,Gato,nicolas.castro.1103@yahoo.com.ar
C1104,Sofía Álvarez,Los Hornos,2026-03-31,Perro,sofia.alvarez.1104@outlook.com
C1105,Joaquín Pérez,Gonnet,2023-04-28,Gato,joaquin.perez.1105@hotmail.com
C1106,Mateo López,La Plata,2026-02-23,Gato,mateo.lopez.1106@outlook.com
C1107,Candela Gómez,La Plata,2024-11-18,Otro,candela.gomez.1107@gmail.com
C1108,Mateo Castro,Los Hornos,2023-03-30,Gato,mateo.castro.1108@gmail.com
C1109,Bruno Rodríguez,Ringuelet,2026-02-23,Perro y gato,bruno.rodriguez.1109yahoo.com.ar
C1110,Bruno Sánchez,La Plata,2024-01-27,Ave,bruno.sanchez.1110@yahoo.com.ar
C1111,Santiago López,Tolosa,2024-03-17,Gato,santiago.lopez.1111@gmail.com
C1112,Bautista Benítez,La Plata,2025-04-14,Perro,bautista.benitez.1112@yahoo.com.ar
C1113,Joaquín Silva,City Bell,2025-09-19,Ave,joaquin.silva.1113@gmail.com
C1114,Delfina Gómez,La Plata,2024-02-09,Otro,delfina.gomez.1114@outlook.com
C1115,Nicolás Pérez,Gonnet,2026-01-17,Perro y gato,nicolas.perez.1115@yahoo.com.ar
C1116,Delfina Herrera,La Plata,2023-02-22,Perro y gato,delfina.herrera.1116@gmail.com
C1117,Bruno González,Ringuelet,2026-06-04,Perro,bruno.gonzalez.1117@gmail.com
C1118,Malena Pérez,City Bell,2026-06-07,Gato,malena.perez.1118@gmail.com
C1119,Franco Romero,La Plata,2024-04-26,Gato,franco.romero.1119@yahoo.com.ar
C1120,Martina Suárez,Ensenada,2025-10-27,Perro,martina.suarez.1120@gmail.com
C1121,Bruno Benítez,Los Hornos,2026-04-09,Gato,bruno.benitez.1121@yahoo.com.ar
C1122,Valentina Romero,Gonnet,2025-08-22,Perro,valentina.romero.1122@gmail.com
C1123,Delfina Sánchez,La Plata,2023-05-13,Perro,delfina.sanchez.1123@outlook.com
C1124,Agustina Rossi,Los Hornos,2026-01-20,Perro y gato,agustina.rossi.1124@gmail.com
C1125,Joaquín Fernández,City Bell,2023-01-18,Perro y gato,joaquin.fernandez.1125@gmail.com
C1126,Delfina Martínez,Los Hornos,2024-12-24,Perro y gato,delfina.martinez.1126@hotmail.com
C1127,Facundo Rossi,City Bell,2023-04-04,Perro,facundo.rossi.1127@hotmail.com
C1128,Lucía Rossi,La Plata,2025-04-10,Perro,lucia.rossi.1128@hotmail.com
C1129,Bautista Díaz,Berisso,2025-06-15,Ave,bautista.diaz.1129@outlook.com
C1130,Camila Herrera,Berisso,2026-03-06,Perro,camila.herrera.1130@yahoo.com.ar
C1131,Candela González,Berisso,2025-11-13,Gato,candela.gonzalez.1131@yahoo.com.ar
C1132,Martina Sánchez,Ensenada,2023-04-07,Perro y gato,martina.sanchez.1132@outlook.com
C1133,Sofía Rossi,Gonnet,2026-05-23,Ave,sofia.rossi.1133@yahoo.com.ar
C1134,Valentina Díaz,La Plata,2024-06-10,Perro,valentina.diaz.1134@outlook.com
C1135,Julieta Herrera,Ringuelet,2026-05-22,Ave,julieta.herrera.1135@yahoo.com.ar
C1136,Nicolás Herrera,City Bell,2023-12-26,Otro,nicolas.herrera.1136@hotmail.com
C1137,Bruno Díaz,Los Hornos,2024-05-13,Perro,bruno.diaz.1137@hotmail.com
C1138,Lucía Benítez,Tolosa,2023-08-10,Perro y gato,lucia.benitez.1138@hotmail.com
C1139,Delfina Díaz,La Plata,2026-02-28,Perro,delfina.diaz.1139@hotmail.com
C1140,Santiago López,Los Hornos,2023-07-19,Ave,santiago.lopez.1140@gmail.com
C1141,Nicolás Martínez,,2026-03-07,Gato,nicolas.martinez.1141@yahoo.com.ar
C1142,Delfina Pérez,City Bell,2025-05-25,Perro y gato,delfina.perez.1142@gmail.com
C1143,Valentina López,Berisso,2026-03-02,Perro y gato,valentina.lopez.1143@hotmail.com
C1144,Mateo Romero,Ringuelet,2024-05-11,Otro,mateo.romero.1144@outlook.com
C1145,Joaquín Ruiz,La Plata,2026-05-15,Perro y gato,joaquin.ruiz.1145@outlook.com
C1146,Joaquín González,Los Hornos,2023-04-20,Perro,joaquin.gonzalez.1146@gmail.com
C1147,Joaquín Pérez,La Plata,2025-07-03,Perro y gato,joaquin.perez.1147@outlook.com
C1148,Benjamín Sánchez,City Bell,2025-03-05,Ave,benjamin.sanchez.1148@yahoo.com.ar
C1149,Lucía Martínez,City Bell,2024-12-09,Gato,lucia.martinez.1149@hotmail.com
C1150,Bruno Herrera,Ringuelet,2024-04-15,Perro,bruno.herrera.1150@yahoo.com.ar
C1151,Delfina Benítez,City Bell,2025-10-24,Gato,delfina.benitez.1151@hotmail.com
C1152,Lucía Herrera,Berisso,2024-12-28,Gato,lucia.herrera.1152@outlook.com
C1153,Mateo Martínez,La Plata,2025-02-27,Ave,mateo.martinez.1153@yahoo.com.ar
C1154,Valentina González,Berisso,2024-09-14,Otro,valentina.gonzalez.1154@gmail.com
C1155,Candela González,City Bell,2024-09-08,Perro,candela.gonzalez.1155@outlook.com
C1156,Franco Benítez,City Bell,2025-11-16,Gato,franco.benitez.1156@gmail.com
C1157,Bautista Gómez,City Bell,2023-01-05,Gato,bautista.gomez.1157@yahoo.com.ar
C1158,Santiago Sánchez,La Plata,2023-03-27,Ave,santiago.sanchez.1158@hotmail.com
C1159,Facundo González,City Bell,2025-11-18,Gato,facundo.gonzalez.1159@outlook.com
C1160,Tomás Ruiz,Villa Elisa,2023-06-12,Perro,tomas.ruiz.1160@gmail.com
C1161,Franco Ruiz,La Plata,2023-01-09,Perro,franco.ruiz.1161@gmail.com
C1162,Mateo Díaz,Berisso,2026-05-30,Perro,mateo.diaz.1162@gmail.com
C1163,Santiago Suárez,Berisso,2024-11-13,Otro,santiago.suarez.1163@gmail.com
C1164,Martina Romero,Berisso,2023-07-26,Perro,martina.romero.1164@gmail.com
C1165,Franco Rossi,Gonnet,2024-09-08,Otro,franco.rossi.1165@gmail.com
C1166,Mateo Romero,Los Hornos,2024-11-30,Perro y gato,mateo.romero.1166@gmail.com
C1167,Lucía Silva,Ensenada,2024-11-22,Ave,lucia.silva.1167@yahoo.com.ar
C1168,Nicolás Romero,City Bell,2024-07-07,Ave,nicolas.romero.1168@outlook.com
C1169,Julieta Ruiz,City Bell,2025-01-14,Gato,julieta.ruiz.1169@yahoo.com.ar
C1170,Joaquín Acosta,Ensenada,2026-07-06,Gato,joaquin.acosta.1170@outlook.com
C1171,Bruno Romero,Gonnet,2024-01-06,Otro,bruno.romero.1171@outlook.com
C1172,Facundo López,Gonnet,2023-03-12,Ave,facundo.lopez.1172@outlook.com
C1173,Mateo Silva,Ringuelet,2024-08-24,Perro,mateo.silva.1173@yahoo.com.ar
C1174,Santiago López,Tolosa,2025-09-30,Otro,santiago.lopez.1174@gmail.com
C1175,Valentina Gómez,Los Hornos,2025-03-03,Perro y gato,valentina.gomez.1175@gmail.com
C1176,Lucía Álvarez,La Plata,2026-03-31,Gato,lucia.alvarez.1176@gmail.com
C1177,Julieta López,Berisso,2023-08-07,Gato,julieta.lopez.1177@gmail.com
C1178,Bruno Herrera,Los Hornos,2024-12-20,Ave,bruno.herrera.1178@gmail.com
C1179,Bautista Torres,Los Hornos,2025-05-27,Ave,bautista.torres.1179@outlook.com
C1180,Sofía Romero,Berisso,2023-10-09,Ave,sofia.romero.1180@outlook.com
C1181,Malena López,Ensenada,2024-11-07,Ave,malena.lopez.1181@gmail.com
C1182,Nicolás Silva,Los Hornos,2025-09-20,Otro,nicolas.silva.1182@yahoo.com.ar
C1183,Lucía Silva,La Plata,2025-01-02,Perro,lucia.silva.1183@outlook.com
C1184,Joaquín Rodríguez,Los Hornos,2024-03-23,Gato,joaquin.rodriguez.1184@gmail.com
C1185,Martina López,Gonnet,2025-06-03,Gato,martina.lopez.1185@yahoo.com.ar
C1186,Joaquín Suárez,Los Hornos,2024-05-23,Perro,joaquin.suarez.1186@gmail.com
C1187,Martina Ruiz,City Bell,2025-07-11,Gato,martina.ruiz.1187@gmail.com
C1188,Bruno Silva,Ensenada,2024-05-25,Gato,bruno.silva.1188@gmail.com
C1189,Santiago Fernández,Los Hornos,2024-11-27,Otro,santiago.fernandez.1189@hotmail.com
C1190,Franco Pérez,Ringuelet,2024-08-28,Gato,franco.perez.1190@yahoo.com.ar
C1191,Julieta Suárez,La Plata,2024-03-24,Perro y gato,julieta.suarez.1191@yahoo.com.ar
C1192,Benjamín Suárez,La Plata,2023-06-03,Gato,benjamin.suarez.1192@outlook.com
C1193,Julieta Acosta,Los Hornos,2026-04-23,Ave,julieta.acosta.1193@gmail.com
C1194,Agustina Díaz,Tolosa,2023-05-09,Ave,agustina.diaz.1194@gmail.com
C1195,Franco Torres,Ensenada,2025-10-31,Otro,franco.torres.1195@yahoo.com.ar
C1196,Julieta Pérez,La Plata,2026-06-22,Perro,julieta.perez.1196@gmail.com
C1197,Bruno Silva,City Bell,2026-04-16,Otro,bruno.silva.1197@outlook.com
C1198,Tomás Díaz,Gonnet,2023-05-06,Perro y gato,tomas.diaz.1198@yahoo.com.ar
C1199,Benjamín Sánchez,Los Hornos,2025-08-24,Gato,benjamin.sanchez.1199@outlook.com
C1200,Franco Torres,La Plata,2023-04-28,Perro y gato,franco.torres.1200@yahoo.com.ar
C1201,Delfina Pérez,Berisso,2025-08-20,Perro,delfina.perez.1201@yahoo.com.ar
C1202,Malena González,La Plata,2026-07-05,Perro,malena.gonzalez.1202@gmail.com
C1203,Delfina Fernández,City Bell,2026-02-21,Perro,delfina.fernandez.1203@yahoo.com.ar
C1204,Agustina Álvarez,Los Hornos,2024-07-26,Otro,agustina.alvarez.1204@outlook.com
C1205,Camila Silva,City Bell,2026-01-01,Ave,camila.silva.1205@yahoo.com.ar
C1206,Santiago Silva,Ringuelet,2023-08-15,Ave,santiago.silva.1206@gmail.com
C1207,Joaquín Ruiz,Gonnet,2024-05-16,Perro,joaquin.ruiz.1207@outlook.com
C1208,Mateo Gómez,City Bell,2025-01-07,Gato,mateo.gomez.1208@yahoo.com.ar
C1209,Bautista Díaz,Los Hornos,2026-05-29,Perro,bautista.diaz.1209@outlook.com
C1210,Joaquín Gómez,City Bell,2024-05-01,Perro y gato,joaquin.gomez.1210@outlook.com
C1211,Franco Ruiz,Tolosa,2024-03-31,Perro,franco.ruiz.1211@outlook.com
C1212,Mateo Álvarez,Villa Elisa,2025-04-17,Perro,mateo.alvarez.1212@outlook.com
C1213,Bautista Silva,Los Hornos,2025-12-19,Gato,bautista.silva.1213@outlook.com
C1214,Joaquín Rossi,Gonnet,2026-04-03,Perro,joaquin.rossi.1214@hotmail.com
C1215,Bruno Suárez,Gonnet,2023-11-09,Ave,bruno.suarez.1215@hotmail.com
C1216,Martina Suárez,City Bell,2026-06-01,Gato,martina.suarez.1216@gmail.com
C1217,Sofía Gómez,City Bell,2025-12-13,Gato,sofia.gomez.1217@yahoo.com.ar
C1218,Lucía Martínez,,2024-11-05,Gato,lucia.martinez.1218@yahoo.com.ar
C1219,Delfina Sánchez,Tolosa,2024-10-02,Perro y gato,delfina.sanchez.1219@gmail.com
C1220,Joaquín Castro,La Plata,2026-03-25,Ave,joaquin.castro.1220@yahoo.com.ar
C1221,Bruno López,City Bell,2024-04-13,Gato,bruno.lopez.1221@outlook.com
C1222,Malena Álvarez,City Bell,2025-01-18,Otro,malena.alvarez.1222@outlook.com
C1223,Bautista Castro,City Bell,2025-04-30,Gato,bautista.castro.1223@hotmail.com
C1224,Benjamín Rodríguez,La Plata,2023-09-21,Otro,benjamin.rodriguez.1224@yahoo.com.ar
C1225,Candela Benítez,City Bell,2025-08-14,Perro,candela.benitez.1225@gmail.com
C1226,Franco Sánchez,Los Hornos,2024-09-25,Gato,franco.sanchez.1226@gmail.com
C1227,Camila Sánchez,City Bell,2024-02-20,Gato,camila.sanchez.1227@outlook.com
C1228,Malena Romero,Los Hornos,2024-01-01,Otro,malena.romero.1228@hotmail.com
C1229,Franco Martínez,Los Hornos,2024-03-19,Perro y gato,franco.martinez.1229@gmail.com
C1230,Lucía Pérez,City Bell,2026-05-23,Perro,lucia.perez.1230@outlook.com
C1231,Santiago Gómez,Los Hornos,2026-01-05,Otro,santiago.gomez.1231@hotmail.com
C1232,Mateo Castro,Los Hornos,2023-08-02,Perro,mateo.castro.1232@outlook.com
C1233,Facundo Acosta,Tolosa,2025-02-24,Ave,facundo.acosta.1233@yahoo.com.ar
C1234,Agustina Benítez,Los Hornos,2026-05-07,Ave,agustina.benitez.1234@hotmail.com
C1235,Benjamín Pérez,La Plata,2025-11-24,Perro y gato,benjamin.perez.1235@hotmail.com
C1236,Bruno Díaz,Berisso,2024-02-10,Perro y gato,bruno.diaz.1236@outlook.com
C1237,Malena López,Ringuelet,2023-04-05,Perro,malena.lopez.1237@hotmail.com
C1238,Tomás Sánchez,Los Hornos,2024-12-23,Gato,tomas.sanchez.1238@gmail.com
C1239,Facundo Martínez,Ensenada,2026-03-14,Ave,facundo.martinez.1239@hotmail.com
C1240,Camila Álvarez,Berisso,2026-01-27,Ave,camila.alvarez.1240@yahoo.com.ar
C1241,Agustina Herrera,La Plata,2025-09-18,Gato,agustina.herrera.1241@gmail.com
C1242,Nicolás Acosta,Villa Elisa,2026-05-25,Perro y gato,nicolas.acosta.1242@hotmail.com
C1243,Delfina González,La Plata,2025-12-02,Ave,delfina.gonzalez.1243@yahoo.com.ar
C1244,Sofía González,Los Hornos,2023-05-31,Ave,sofia.gonzalez.1244@outlook.com
C1245,Santiago Rossi,Ensenada,2026-03-16,Perro,santiago.rossi.1245@hotmail.com
C1246,Nicolás Silva,City Bell,2023-11-28,Gato,nicolas.silva.1246@yahoo.com.ar
C1247,Valentina Suárez,City Bell,2025-07-17,Perro,valentina.suarez.1247@gmail.com
C1248,Martina Suárez,City Bell,2023-02-16,Perro y gato,martina.suarez.1248@yahoo.com.ar
C1249,Malena Rossi,La Plata,2025-07-05,Perro,malena.rossi.1249@yahoo.com.ar
C1250,Delfina Gómez,La Plata,2023-08-17,Gato,delfina.gomez.1250@hotmail.com
C1251,Tomás Acosta,Ensenada,2023-02-08,Ave,tomas.acosta.1251@gmail.com
C1252,Julieta Romero,Ringuelet,2023-01-22,Ave,julieta.romero.1252@hotmail.com
C1253,Bruno Pérez,Villa Elisa,2026-07-20,Perro y gato,bruno.perez.1253@yahoo.com.ar
C1254,Santiago Álvarez,Berisso,2023-05-04,Ave,santiago.alvarez.1254@hotmail.com
C1255,Sofía Silva,La Plata,2026-07-09,Gato,sofia.silva.1255outlook.com
C1256,Nicolás López,Villa Elisa,2023-09-14,Gato,nicolas.lopez.1256@gmail.com
C1257,Joaquín Rodríguez,La Plata,2025-01-27,Perro y gato,joaquin.rodriguez.1257@yahoo.com.ar
C1258,Franco Herrera,La Plata,2024-12-12,Gato,franco.herrera.1258@outlook.com
C1259,Julieta González,City Bell,2024-06-04,Gato,julieta.gonzalez.1259@yahoo.com.ar
C1260,Franco Pérez,Tolosa,2025-03-12,Otro,franco.perez.1260@yahoo.com.ar
C1261,Agustina González,Villa Elisa,2025-04-29,Otro,agustina.gonzalez.1261@hotmail.com
C1262,Facundo Gómez,Tolosa,2025-12-01,Gato,facundo.gomez.1262@hotmail.com
C1263,Mateo Martínez,Gonnet,2023-03-04,Perro y gato,mateo.martinez.1263@yahoo.com.ar
C1264,Bautista Acosta,Berisso,2023-08-20,Gato,bautista.acosta.1264@outlook.com
C1265,Tomás Álvarez,Villa Elisa,2023-11-07,Gato,tomas.alvarez.1265@yahoo.com.ar
C1266,Agustina Castro,Los Hornos,2025-11-02,Gato,agustina.castro.1266@hotmail.com
C1267,Martina Silva,Villa Elisa,2024-12-19,Perro y gato,martina.silva.1267@yahoo.com.ar
C1268,Nicolás Rossi,Ensenada,2024-10-27,Ave,nicolas.rossi.1268@hotmail.com
C1269,Lucía Rodríguez,Los Hornos,2025-05-03,Otro,lucia.rodriguez.1269@yahoo.com.ar
C1270,Bruno Herrera,La Plata,2026-04-18,Perro,bruno.herrera.1270@yahoo.com.ar
C1271,Candela Ruiz,Gonnet,2024-04-30,Otro,candela.ruiz.1271@hotmail.com
C1272,Candela Silva,Los Hornos,2023-09-02,Perro,candela.silva.1272@yahoo.com.ar
C1273,Joaquín González,La Plata,2024-05-04,Perro y gato,joaquin.gonzalez.1273@yahoo.com.ar
C1274,Martina Rossi,Los Hornos,2023-12-07,Ave,martina.rossi.1274@outlook.com
C1275,Bautista Romero,Los Hornos,2024-09-10,Gato,bautista.romero.1275@yahoo.com.ar
C1276,Joaquín Rossi,Villa Elisa,2023-01-07,Perro y gato,joaquin.rossi.1276@gmail.com
C1277,Santiago Rossi,Los Hornos,2023-02-25,Ave,santiago.rossi.1277@hotmail.com
C1278,Agustina Álvarez,City Bell,2023-09-02,Gato,agustina.alvarez.1278@yahoo.com.ar
C1279,Agustina López,City Bell,2025-06-23,Gato,agustina.lopez.1279@hotmail.com
C1280,Bruno Rodríguez,Los Hornos,2025-05-09,Gato,bruno.rodriguez.1280@gmail.com
C1281,Franco Ruiz,Los Hornos,2026-05-28,Perro y gato,franco.ruiz.1281@yahoo.com.ar
C1282,Nicolás Herrera,Gonnet,2024-09-17,Perro,nicolas.herrera.1282@gmail.com
C1283,Joaquín Herrera,,2025-03-16,Perro y gato,joaquin.herrera.1283@yahoo.com.ar
C1284,Santiago Martínez,Gonnet,2024-08-08,Ave,santiago.martinez.1284@outlook.com
C1285,Julieta Rossi,Ringuelet,2026-05-26,Gato,julieta.rossi.1285@gmail.com
C1286,Delfina Martínez,City Bell,2024-07-06,Perro,delfina.martinez.1286@hotmail.com
C1287,Lucía Romero,Los Hornos,2024-03-24,Otro,lucia.romero.1287@yahoo.com.ar
C1288,Martina Sánchez,City Bell,2026-06-07,Gato,martina.sanchez.1288@hotmail.com
C1289,Benjamín Herrera,Berisso,2024-02-10,Ave,benjamin.herrera.1289@yahoo.com.ar
C1290,Sofía Pérez,La Plata,2023-06-27,Gato,sofia.perez.1290@outlook.com
C1291,Malena Rodríguez,City Bell,2025-12-13,Gato,malena.rodriguez.1291@outlook.com
C1292,Santiago Ruiz,Ringuelet,2024-04-21,Perro,santiago.ruiz.1292@outlook.com
C1293,Santiago Gómez,City Bell,2023-02-11,Gato,santiago.gomez.1293@gmail.com
C1294,Sofía Sánchez,Los Hornos,2025-03-02,Perro y gato,sofia.sanchez.1294@hotmail.com
C1295,Bautista Ruiz,Los Hornos,2024-04-13,Otro,bautista.ruiz.1295@hotmail.com
C1296,Facundo Romero,Los Hornos,2025-11-19,Perro y gato,facundo.romero.1296@yahoo.com.ar
C1297,Santiago Suárez,City Bell,2024-05-13,Gato,santiago.suarez.1297@hotmail.com
C1298,Tomás Rossi,Ringuelet,2023-07-16,Ave,tomas.rossi.1298@hotmail.com
C1299,Malena Benítez,Villa Elisa,2024-05-27,Ave,malena.benitez.1299@gmail.com
C1300,Candela Rossi,City Bell,2024-10-15,Perro,candela.rossi.1300@outlook.com
C1301,Malena Ruiz,City Bell,2023-12-28,Perro,malena.ruiz.1301@gmail.com
C1302,Agustina Martínez,Villa Elisa,2023-03-01,Otro,agustina.martinez.1302@hotmail.com
C1303,Candela Ruiz,Los Hornos,2025-08-02,Gato,candela.ruiz.1303@gmail.com
C1304,Facundo Torres,La Plata,2024-06-01,Gato,facundo.torres.1304@gmail.com
C1305,Delfina González,Los Hornos,2025-07-02,Perro y gato,delfina.gonzalez.1305@yahoo.com.ar
C1306,Delfina Silva,Ensenada,2024-11-04,Perro y gato,delfina.silva.1306@outlook.com
C1307,Bautista Torres,La Plata,2024-02-29,Ave,bautista.torres.1307@gmail.com
C1308,Tomás González,Berisso,2025-06-09,Perro,tomas.gonzalez.1308@yahoo.com.ar
C1309,Tomás Rossi,Los Hornos,2023-12-20,Ave,tomas.rossi.1309@hotmail.com
C1310,Julieta Castro,Ensenada,2023-11-04,Perro,julieta.castro.1310@yahoo.com.ar
C1311,Camila López,Los Hornos,2023-10-11,Gato,camila.lopez.1311@yahoo.com.ar
C1312,Joaquín Silva,Los Hornos,2023-12-19,Perro y gato,joaquin.silva.1312@hotmail.com
C1313,Valentina López,Ensenada,2025-03-11,Ave,valentina.lopez.1313@gmail.com
C1314,Santiago Gómez,City Bell,2025-08-08,Perro y gato,santiago.gomez.1314@hotmail.com
C1315,Nicolás Silva,La Plata,2025-01-13,Ave,nicolas.silva.1315@outlook.com
C1316,Bruno Silva,La Plata,2024-04-09,Gato,bruno.silva.1316@gmail.com
C1317,Nicolás Díaz,Villa Elisa,2026-03-22,Perro,nicolas.diaz.1317@gmail.com
C1318,Santiago Torres,Ensenada,2024-05-02,Perro y gato,santiago.torres.1318@hotmail.com
C1319,Malena Suárez,City Bell,2023-09-27,Ave,malena.suarez.1319@outlook.com
C1320,Candela Torres,Los Hornos,2025-07-27,Gato,candela.torres.1320@hotmail.com
C1321,Franco Romero,City Bell,2024-11-13,Otro,franco.romero.1321@gmail.com
C1322,Santiago Fernández,Los Hornos,2023-09-12,Perro,santiago.fernandez.1322@gmail.com
C1323,Camila Pérez,Los Hornos,2023-03-18,Gato,camila.perez.1323@outlook.com
C1324,Franco López,La Plata,2023-05-18,Perro,franco.lopez.1324@hotmail.com
C1325,Valentina Rodríguez,Los Hornos,2023-10-02,Gato,valentina.rodriguez.1325@gmail.com
C1326,Joaquín Herrera,City Bell,2025-02-23,Otro,joaquin.herrera.1326@hotmail.com
C1327,Tomás González,Tolosa,2024-07-10,Gato,tomas.gonzalez.1327@outlook.com
C1328,Valentina Herrera,Los Hornos,2023-04-18,Perro,valentina.herrera.1328@outlook.com
C1329,Bautista Ruiz,Los Hornos,2023-01-09,Ave,bautista.ruiz.1329@yahoo.com.ar
C1330,Valentina Acosta,La Plata,2025-03-04,Otro,valentina.acosta.1330@yahoo.com.ar
C1331,Delfina Silva,La Plata,2023-04-27,Perro y gato,delfina.silva.1331@hotmail.com
C1332,Agustina Ruiz,City Bell,2024-09-03,Perro,agustina.ruiz.1332@outlook.com
C1333,Bruno Castro,Ringuelet,2023-01-13,Gato,bruno.castro.1333@outlook.com
C1334,Valentina Ruiz,Villa Elisa,2024-07-07,Perro y gato,valentina.ruiz.1334@gmail.com
C1335,Malena Díaz,Los Hornos,2024-12-06,Gato,malena.diaz.1335@gmail.com
C1336,Mateo Fernández,Villa Elisa,2023-06-30,Otro,mateo.fernandez.1336@hotmail.com
C1337,Lucía López,La Plata,2024-12-28,Perro y gato,lucia.lopez.1337@gmail.com
C1338,Sofía Rodríguez,City Bell,2025-06-25,Ave,sofia.rodriguez.1338@outlook.com
C1339,Lucía Herrera,La Plata,2023-10-25,Perro y gato,lucia.herrera.1339@hotmail.com
C1340,Bautista Álvarez,La Plata,2025-07-19,Perro y gato,bautista.alvarez.1340@hotmail.com
C1341,Mateo Torres,Tolosa,,Gato,mateo.torres.1341@hotmail.com
C1342,Santiago Rossi,Ensenada,2026-05-15,Gato,santiago.rossi.1342@gmail.com
C1343,Candela Ruiz,La Plata,2023-01-18,Perro,candela.ruiz.1343@hotmail.com
C1344,Bruno Silva,Los Hornos,2026-06-02,Gato,bruno.silva.1344@yahoo.com.ar
C1345,Tomás Sánchez,,2025-02-25,Gato,tomas.sanchez.1345@outlook.com
C1346,Bautista Martínez,Gonnet,2024-12-21,Gato,bautista.martinez.1346@gmail.com
C1347,Sofía Fernández,La Plata,2026-04-03,Perro y gato,sofia.fernandez.1347@yahoo.com.ar
C1348,Bautista Torres,La Plata,2024-03-05,Otro,bautista.torres.1348@gmail.com
C1349,Malena Acosta,La Plata,2023-03-01,Perro,malena.acosta.1349@hotmail.com
C1350,Mateo Ruiz,La Plata,2024-05-12,Perro,mateo.ruiz.1350@yahoo.com.ar
C1351,Martina Suárez,City Bell,2025-08-12,Ave,martina.suarez.1351@gmail.com
C1352,Franco Silva,Ensenada,2025-08-10,Otro,franco.silva.1352@yahoo.com.ar
C1353,Malena Herrera,City Bell,2025-11-29,Perro,malena.herrera.1353@hotmail.com
C1354,Malena Ruiz,Los Hornos,2023-04-01,Perro y gato,malena.ruiz.1354@yahoo.com.ar
C1355,Valentina Rossi,Los Hornos,2024-01-18,Gato,valentina.rossi.1355@hotmail.com
C1356,Delfina Gómez,La Plata,2023-11-27,Perro y gato,delfina.gomez.1356@yahoo.com.ar
C1357,Bautista Suárez,Los Hornos,2023-11-01,Perro,bautista.suarez.1357@outlook.com
C1358,Delfina Benítez,Los Hornos,2025-11-06,Gato,delfina.benitez.1358@gmail.com
C1359,Julieta Gómez,Berisso,2026-05-31,Ave,julieta.gomez.1359@gmail.com
C1360,Bautista Suárez,Los Hornos,2025-06-16,Perro,bautista.suarez.1360@outlook.com
C1361,Santiago López,La Plata,2025-08-25,Ave,santiago.lopez.1361@outlook.com
C1362,Bruno Suárez,Los Hornos,2024-07-04,Perro,bruno.suarez.1362@yahoo.com.ar
C1363,Lucía López,La Plata,2024-12-31,Perro,lucia.lopez.1363@yahoo.com.ar
C1364,Tomás López,Los Hornos,2024-08-31,Perro y gato,tomas.lopez.1364@gmail.com
C1365,Facundo Suárez,La Plata,2024-05-29,Otro,facundo.suarez.1365@yahoo.com.ar
C1366,Bautista Sánchez,Ensenada,2023-03-10,Perro,bautista.sanchez.1366@outlook.com
C1367,Camila Pérez,La Plata,2025-03-04,Perro y gato,camila.perez.1367@outlook.com
C1368,Agustina González,City Bell,2023-03-30,Perro,agustina.gonzalez.1368@hotmail.com
C1369,Mateo Acosta,Villa Elisa,2024-08-18,Gato,mateo.acosta.1369@hotmail.com
C1370,Benjamín Rodríguez,City Bell,2025-05-06,Perro,benjamin.rodriguez.1370@hotmail.com
C1371,Joaquín Castro,City Bell,2026-05-19,Gato,joaquin.castro.1371@hotmail.com
C1372,Malena Ruiz,Gonnet,2026-07-05,Gato,malena.ruiz.1372@gmail.com
C1373,Agustina López,La Plata,2025-11-07,Gato,agustina.lopez.1373@yahoo.com.ar
C1374,Agustina Pérez,City Bell,2023-08-31,Gato,agustina.perez.1374@yahoo.com.ar
C1375,Facundo Herrera,La Plata,2024-01-03,Gato,facundo.herrera.1375@yahoo.com.ar
C1376,Malena Rodríguez,Los Hornos,2025-01-20,Otro,malena.rodriguez.1376@outlook.com
C1377,Facundo Castro,Los Hornos,2025-01-18,Ave,facundo.castro.1377@yahoo.com.ar
C1378,Sofía Silva,Ringuelet,2025-07-18,Gato,sofia.silva.1378@outlook.com
C1379,Lucía Rossi,Los Hornos,2025-01-04,Ave,lucia.rossi.1379@yahoo.com.ar
C1380,Julieta Gómez,La Plata,2024-03-18,Perro,julieta.gomez.1380@gmail.com
C1381,Candela Benítez,La Plata,2025-11-27,Gato,candela.benitez.1381@hotmail.com
C1382,Valentina Herrera,Los Hornos,2023-12-21,Gato,valentina.herrera.1382@gmail.com
C1383,Candela Rossi,Los Hornos,2023-02-25,Perro y gato,candela.rossi.1383@hotmail.com
C1384,Candela López,City Bell,2025-07-27,Gato,candela.lopez.1384@yahoo.com.ar
C1385,Candela Díaz,La Plata,2023-04-19,Otro,candela.diaz.1385@yahoo.com.ar
C1386,Mateo Gómez,City Bell,2026-05-17,Otro,mateo.gomez.1386@outlook.com
C1387,Tomás Ruiz,La Plata,2023-01-21,Perro y gato,tomas.ruiz.1387@outlook.com
C1388,Mateo Díaz,Villa Elisa,2023-12-15,Gato,mateo.diaz.1388@hotmail.com
C1389,Santiago Fernández,Ringuelet,2024-02-23,Ave,santiago.fernandez.1389@hotmail.com
C1390,Santiago Suárez,Los Hornos,2025-11-20,Otro,santiago.suarez.1390@yahoo.com.ar
C1391,Bruno Díaz,La Plata,2025-02-25,Gato,bruno.diaz.1391@gmail.com
C1392,Malena López,City Bell,2025-03-24,Perro y gato,malena.lopez.1392@gmail.com
C1393,Mateo Gómez,Ensenada,2023-04-29,Otro,mateo.gomez.1393@hotmail.com
C1394,Benjamín Acosta,Los Hornos,2026-04-12,Perro,benjamin.acosta.1394@hotmail.com
C1395,Valentina Romero,City Bell,2024-12-01,Perro y gato,valentina.romero.1395@gmail.com
C1396,Valentina López,Los Hornos,2025-10-24,Perro y gato,valentina.lopez.1396@outlook.com
C1397,Sofía Torres,La Plata,2023-05-24,Perro,sofia.torres.1397@gmail.com
C1398,Joaquín Álvarez,City Bell,2023-10-12,Ave,joaquin.alvarez.1398@hotmail.com
C1399,Tomás Silva,City Bell,2024-10-14,Perro,tomas.silva.1399@hotmail.com
C1400,Benjamín Sánchez,City Bell,2025-04-20,Gato,benjamin.sanchez.1400@outlook.com
C1401,Mateo Castro,Villa Elisa,2023-12-10,Perro,
C1402,Bautista Ruiz,City Bell,2024-03-31,Perro,bautista.ruiz.1402@hotmail.com
C1403,Candela Martínez,Villa Elisa,2024-02-01,Perro,candela.martinez.1403@gmail.com
C1404,Malena López,La Plata,2024-12-08,Perro,malena.lopez.1404@gmail.com
C1405,Bautista Torres,Los Hornos,2025-04-17,Perro,bautista.torres.1405@yahoo.com.ar
C1406,Santiago González,Tolosa,2025-05-12,Gato,santiago.gonzalez.1406@yahoo.com.ar
C1407,Valentina Torres,Los Hornos,2023-11-25,Gato,valentina.torres.1407@outlook.com
C1408,Tomás Gómez,Los Hornos,2023-12-20,Perro,tomas.gomez.1408@yahoo.com.ar
C1409,Facundo Romero,Los Hornos,2023-08-15,Ave,facundo.romero.1409@outlook.com
C1410,Camila Díaz,Ringuelet,2024-11-15,Otro,camila.diaz.1410@outlook.com
C1411,Lucía Castro,Ringuelet,2026-03-01,Perro,lucia.castro.1411@gmail.com
C1412,Lucía Romero,City Bell,2024-01-29,Perro,lucia.romero.1412@hotmail.com
C1413,Delfina Martínez,Gonnet,2024-03-12,Perro,delfina.martinez.1413@yahoo.com.ar
C1414,Bruno Fernández,Ensenada,2026-04-29,Otro,bruno.fernandez.1414@outlook.com
C1415,Franco Fernández,Los Hornos,2025-11-25,Perro,franco.fernandez.1415@hotmail.com
C1416,Camila Sánchez,La Plata,2023-03-07,Perro y gato,camila.sanchez.1416@outlook.com
C1417,Julieta Rodríguez,City Bell,2023-03-22,Perro,julieta.rodriguez.1417@yahoo.com.ar
C1418,Agustina Benítez,La Plata,2025-09-20,Otro,agustina.benitez.1418@gmail.com
C1419,Bautista Álvarez,Los Hornos,2023-03-14,Ave,bautista.alvarez.1419@hotmail.com
C1420,Joaquín Díaz,Villa Elisa,2023-05-09,Perro,joaquin.diaz.1420@hotmail.com
C1421,Benjamín González,Los Hornos,2025-04-01,Perro,benjamin.gonzalez.1421@outlook.com
C1422,Camila Castro,La Plata,2024-05-18,Ave,camila.castro.1422@yahoo.com.ar
C1423,Bruno Herrera,Villa Elisa,2026-02-23,Gato,bruno.herrera.1423@yahoo.com.ar
C1424,Joaquín Sánchez,Los Hornos,2023-07-19,Perro y gato,joaquin.sanchez.1424@outlook.com
C1425,Benjamín Castro,City Bell,2024-02-20,Otro,benjamin.castro.1425@outlook.com
C1426,Benjamín Martínez,Berisso,2023-03-12,Perro,benjamin.martinez.1426@gmail.com
C1427,Lucía López,City Bell,2026-01-23,Otro,lucia.lopez.1427@hotmail.com
C1428,Sofía Pérez,City Bell,2026-04-02,Otro,sofia.perez.1428@gmail.com
C1429,Bautista Rodríguez,La Plata,2024-11-18,Perro,bautista.rodriguez.1429@yahoo.com.ar
C1430,Bruno Herrera,,2026-02-27,Otro,bruno.herrera.1430@outlook.com
C1431,Malena Rodríguez,La Plata,2023-01-15,Gato,malena.rodriguez.1431@hotmail.com
C1432,Delfina Ruiz,City Bell,2025-07-31,Ave,delfina.ruiz.1432hotmail.com
C1433,Martina Rodríguez,Ringuelet,2025-11-05,Ave,martina.rodriguez.1433@gmail.com
C1434,Martina López,Villa Elisa,2024-03-06,Perro,martina.lopez.1434@outlook.com
C1435,Benjamín Suárez,City Bell,2025-02-24,Otro,benjamin.suarez.1435@yahoo.com.ar
C1436,Camila González,Ringuelet,2024-06-28,Ave,camila.gonzalez.1436@outlook.com
C1437,Sofía Álvarez,City Bell,2023-04-13,Perro y gato,sofia.alvarez.1437@hotmail.com
C1438,Nicolás Álvarez,Los Hornos,2025-10-17,Gato,nicolas.alvarez.1438@hotmail.com
C1439,Martina Acosta,City Bell,2025-03-06,Gato,martina.acosta.1439@hotmail.com
C1440,Camila Castro,Gonnet,2024-02-29,Otro,camila.castro.1440@yahoo.com.ar
C1441,Candela González,Gonnet,2024-09-07,Perro y gato,candela.gonzalez.1441@gmail.com
C1442,Malena Castro,City Bell,2024-02-01,Otro,malena.castro.1442@yahoo.com.ar
C1443,Santiago Martínez,La Plata,2023-06-28,Gato,santiago.martinez.1443@gmail.com
C1444,Julieta Sánchez,City Bell,2024-03-20,Gato,julieta.sanchez.1444@yahoo.com.ar
C1445,Tomás Silva,Los Hornos,2023-05-19,Ave,tomas.silva.1445@hotmail.com
C1446,Agustina Fernández,Los Hornos,2024-03-26,Perro,agustina.fernandez.1446@yahoo.com.ar
C1447,Martina Pérez,La Plata,2024-07-30,Ave,martina.perez.1447@outlook.com
C1448,Malena Martínez,Ensenada,2023-07-17,Perro,malena.martinez.1448@outlook.com
C1449,Delfina Acosta,Los Hornos,2024-01-04,Perro,delfina.acosta.1449@outlook.com
C1450,Facundo Herrera,Ensenada,2026-01-18,Gato,facundo.herrera.1450@yahoo.com.ar
C1451,Martina Rodríguez,City Bell,2024-10-30,Perro,martina.rodriguez.1451@outlook.com
C1452,Candela Fernández,Villa Elisa,2023-10-21,Perro y gato,candela.fernandez.1452@hotmail.com
C1453,Delfina Silva,Berisso,2026-04-01,Gato,delfina.silva.1453@hotmail.com
C1454,Valentina Acosta,Los Hornos,2024-10-29,Gato,valentina.acosta.1454@yahoo.com.ar
C1455,Bruno Pérez,Los Hornos,2025-06-27,Otro,bruno.perez.1455@yahoo.com.ar
C1456,Sofía López,Ringuelet,2023-01-12,Gato,sofia.lopez.1456@yahoo.com.ar
C1457,Delfina Silva,Ringuelet,2024-11-09,Gato,delfina.silva.1457@yahoo.com.ar
C1458,Julieta Benítez,Villa Elisa,2024-11-20,Perro,julieta.benitez.1458@hotmail.com
C1459,Joaquín Torres,Los Hornos,2026-06-08,Perro,joaquin.torres.1459@outlook.com
C1460,Nicolás Benítez,Los Hornos,2025-11-12,Perro,nicolas.benitez.1460@gmail.com
C1461,Malena Castro,City Bell,2026-02-23,Gato,malena.castro.1461@gmail.com
C1462,Sofía Pérez,Gonnet,2026-03-31,Otro,sofia.perez.1462@yahoo.com.ar
C1463,Joaquín Acosta,Los Hornos,2025-12-03,Gato,joaquin.acosta.1463@gmail.com
C1464,Sofía Rossi,Gonnet,2025-10-12,Ave,sofia.rossi.1464@gmail.com
C1465,Benjamín Romero,Ensenada,2024-11-13,Gato,benjamin.romero.1465@outlook.com
C1466,Joaquín Díaz,La Plata,2024-12-16,Ave,joaquin.diaz.1466@yahoo.com.ar
C1467,Agustina Rodríguez,Berisso,2023-01-19,Gato,agustina.rodriguez.1467@hotmail.com
C1468,Camila Martínez,City Bell,2023-03-03,Otro,camila.martinez.1468@yahoo.com.ar
C1469,Benjamín Sánchez,City Bell,2023-02-11,Perro y gato,benjamin.sanchez.1469@hotmail.com
C1470,Nicolás Silva,Gonnet,2023-09-16,Otro,nicolas.silva.1470@yahoo.com.ar
C1471,Camila Ruiz,City Bell,2024-03-09,Otro,camila.ruiz.1471@gmail.com
C1472,Bruno Martínez,La Plata,2025-07-26,Perro,bruno.martinez.1472@hotmail.com
C1473,Malena Rossi,La Plata,2023-04-19,Perro y gato,malena.rossi.1473@outlook.com
C1474,Facundo Rodríguez,La Plata,2023-03-13,Gato,facundo.rodriguez.1474@hotmail.com
C1475,Lucía Herrera,La Plata,2023-10-05,Perro,lucia.herrera.1475@yahoo.com.ar
C1476,Joaquín Acosta,Berisso,2023-03-28,Perro y gato,joaquin.acosta.1476@hotmail.com
C1477,Benjamín Ruiz,Los Hornos,2023-01-02,Perro y gato,benjamin.ruiz.1477@hotmail.com
C1478,Agustina Castro,Los Hornos,2025-04-07,Ave,agustina.castro.1478@hotmail.com
C1479,Bautista Benítez,La Plata,2025-11-13,Ave,bautista.benitez.1479@outlook.com
C1480,Santiago Torres,City Bell,2023-11-02,Gato,santiago.torres.1480@outlook.com
C1481,Julieta Rossi,Villa Elisa,2025-10-04,Perro,julieta.rossi.1481@yahoo.com.ar
C1482,Facundo Torres,Tolosa,2025-11-16,Perro,facundo.torres.1482@gmail.com
C1483,Nicolás Rossi,Los Hornos,2026-04-09,Gato,nicolas.rossi.1483@outlook.com
C1484,Valentina Pérez,Ringuelet,2025-01-31,Ave,valentina.perez.1484@gmail.com
C1485,Tomás Álvarez,Tolosa,2025-05-18,Perro y gato,tomas.alvarez.1485@hotmail.com
C1486,Sofía López,City Bell,2025-05-16,Gato,sofia.lopez.1486@yahoo.com.ar
C1487,Facundo Herrera,City Bell,2026-06-23,Gato,facundo.herrera.1487@yahoo.com.ar
C1488,Joaquín Rodríguez,La Plata,2026-07-11,Otro,joaquin.rodriguez.1488@gmail.com
C1489,Martina Rossi,Gonnet,2024-11-06,Perro,martina.rossi.1489@hotmail.com
C1490,Joaquín Martínez,La Plata,2023-10-05,Gato,joaquin.martinez.1490@yahoo.com.ar
C1491,Bautista Acosta,Villa Elisa,2023-01-03,Ave,bautista.acosta.1491@outlook.com
C1492,Agustina Rodríguez,Berisso,2023-11-03,Gato,agustina.rodriguez.1492@hotmail.com
C1493,Franco Álvarez,Los Hornos,2025-10-07,Ave,franco.alvarez.1493@outlook.com
C1494,Martina Gómez,La Plata,2026-06-25,Gato,martina.gomez.1494@outlook.com
C1495,Santiago López,City Bell,2023-01-19,Perro,santiago.lopez.1495@hotmail.com
C1496,Martina Acosta,Los Hornos,2024-02-01,Gato,martina.acosta.1496@outlook.com
C1497,Candela Rodríguez,City Bell,2025-12-04,Perro,candela.rodriguez.1497@yahoo.com.ar
C1498,Malena Suárez,Los Hornos,2023-11-11,Gato,malena.suarez.1498@yahoo.com.ar
C1499,Camila González,Tolosa,2023-12-03,Ave,camila.gonzalez.1499@yahoo.com.ar
C1500,Delfina Gómez,Los Hornos,2026-03-22,Gato,delfina.gomez.1500@yahoo.com.ar
C1501,Santiago López,Gonnet,2025-08-25,Perro,santiago.lopez.1501@outlook.com
C1502,Lucía López,Los Hornos,2023-09-17,Perro,lucia.lopez.1502@hotmail.com
C1503,Martina Herrera,City Bell,2026-04-13,Gato,martina.herrera.1503@yahoo.com.ar
C1504,Bautista Ruiz,Los Hornos,2024-12-16,Perro,bautista.ruiz.1504@hotmail.com
C1505,Candela González,La Plata,2026-03-14,Gato,candela.gonzalez.1505@yahoo.com.ar
C1506,Facundo Martínez,La Plata,2024-08-07,Perro,facundo.martinez.1506@outlook.com
C1507,Benjamín Sánchez,City Bell,2025-10-15,Ave,benjamin.sanchez.1507@hotmail.com
C1508,Delfina González,La Plata,2023-08-19,Otro,delfina.gonzalez.1508@outlook.com
C1509,Martina Suárez,La Plata,2025-01-19,Gato,martina.suarez.1509@yahoo.com.ar
C1510,Nicolás Sánchez,City Bell,2023-12-01,Gato,nicolas.sanchez.1510@gmail.com
C1511,Franco Gómez,Los Hornos,2023-06-13,Ave,franco.gomez.1511@yahoo.com.ar
C1512,Camila Gómez,,2026-04-24,Gato,camila.gomez.1512@yahoo.com.ar
C1513,Agustina Díaz,Los Hornos,2024-04-03,Perro,agustina.diaz.1513@outlook.com
C1514,Valentina Acosta,Los Hornos,2025-05-11,Perro,valentina.acosta.1514@gmail.com
C1515,Tomás Castro,La Plata,2026-03-21,Perro y gato,tomas.castro.1515@yahoo.com.ar
C1516,Valentina Silva,Los Hornos,2026-04-11,Gato,valentina.silva.1516@outlook.com
C1517,Valentina Ruiz,Gonnet,2024-06-24,Ave,valentina.ruiz.1517@gmail.com
C1518,Santiago Martínez,Los Hornos,2023-10-14,Gato,santiago.martinez.1518@outlook.com
C1519,Nicolás Romero,Gonnet,2024-03-14,Ave,nicolas.romero.1519@outlook.com
C1520,Sofía Benítez,Los Hornos,2023-11-19,Perro,sofia.benitez.1520@outlook.com
C1521,Mateo Suárez,City Bell,2026-05-18,Otro,mateo.suarez.1521@gmail.com
C1522,Bruno Suárez,La Plata,2024-01-23,Perro y gato,bruno.suarez.1522@outlook.com
C1523,Valentina Rodríguez,La Plata,2024-01-23,Otro,valentina.rodriguez.1523@outlook.com
C1524,Benjamín Gómez,La Plata,2026-01-25,Perro y gato,benjamin.gomez.1524@outlook.com
C1525,Camila Gómez,Tolosa,2025-02-01,Perro,camila.gomez.1525@yahoo.com.ar
C1526,Bautista Silva,Ensenada,2024-08-22,Perro y gato,bautista.silva.1526@gmail.com
C1527,Bautista Castro,Berisso,2025-08-02,Perro y gato,bautista.castro.1527@outlook.com
C1528,Candela Torres,Tolosa,2024-08-31,Perro y gato,candela.torres.1528@hotmail.com
C1529,Martina Sánchez,La Plata,2026-04-21,Perro,martina.sanchez.1529@yahoo.com.ar
C1530,Valentina Castro,City Bell,2025-07-18,Ave,valentina.castro.1530@outlook.com
C1531,Tomás Díaz,La Plata,2023-04-15,Otro,tomas.diaz.1531@gmail.com
C1532,Delfina Fernández,City Bell,2025-09-03,Otro,delfina.fernandez.1532@gmail.com
C1533,Facundo Torres,City Bell,2024-06-29,Perro,facundo.torres.1533@outlook.com
C1534,Delfina Díaz,Villa Elisa,2024-09-14,Gato,delfina.diaz.1534@yahoo.com.ar
C1535,Delfina Herrera,La Plata,2025-05-11,Perro,delfina.herrera.1535@yahoo.com.ar
C1536,Julieta Herrera,City Bell,2023-01-17,Otro,julieta.herrera.1536@gmail.com
C1537,Delfina Martínez,Berisso,2025-06-19,Gato,delfina.martinez.1537@yahoo.com.ar
C1538,Benjamín Pérez,City Bell,2023-09-22,Perro,benjamin.perez.1538@outlook.com
C1539,Camila Sánchez,Ensenada,2023-07-20,Ave,camila.sanchez.1539@hotmail.com
C1540,Mateo Castro,Berisso,2026-06-18,Otro,mateo.castro.1540@gmail.com
C1541,Nicolás Gómez,Villa Elisa,2024-06-17,Perro y gato,nicolas.gomez.1541@outlook.com
C1542,Tomás Álvarez,Gonnet,2025-10-06,Gato,tomas.alvarez.1542@outlook.com
C1543,Delfina Suárez,Ringuelet,2024-05-17,Ave,delfina.suarez.1543@yahoo.com.ar
C1544,Malena Martínez,La Plata,2026-06-19,Perro,malena.martinez.1544@yahoo.com.ar
C1545,Delfina Fernández,Villa Elisa,2024-05-25,Gato,delfina.fernandez.1545@hotmail.com
C1546,Bruno Torres,La Plata,2024-11-22,Perro,bruno.torres.1546@yahoo.com.ar
C1547,Delfina Gómez,Berisso,2024-05-01,Ave,delfina.gomez.1547@hotmail.com
C1548,Bautista Silva,Gonnet,2024-01-09,Perro,bautista.silva.1548@outlook.com
C1549,Bruno Fernández,Gonnet,2025-09-08,Perro,bruno.fernandez.1549@hotmail.com
C1550,Delfina Rossi,Los Hornos,2025-12-14,Gato,delfina.rossi.1550@gmail.com
C1551,Julieta Castro,Ringuelet,2023-09-22,Otro,julieta.castro.1551@hotmail.com
C1552,Tomás Fernández,Berisso,2024-07-29,Perro,tomas.fernandez.1552@yahoo.com.ar
C1553,Nicolás Gómez,La Plata,2024-01-11,Gato,nicolas.gomez.1553@outlook.com
C1554,Valentina López,La Plata,2026-06-04,Otro,valentina.lopez.1554@hotmail.com
C1555,Julieta Suárez,City Bell,2023-06-22,Gato,julieta.suarez.1555@yahoo.com.ar
C1556,Bautista López,Berisso,2023-02-04,Gato,bautista.lopez.1556@outlook.com
C1557,Valentina Acosta,Gonnet,2024-06-05,Perro,valentina.acosta.1557@hotmail.com
C1558,Delfina Díaz,Ringuelet,2025-09-24,Perro,delfina.diaz.1558@outlook.com
C1559,Lucía Herrera,Berisso,2023-03-01,Ave,lucia.herrera.1559@outlook.com
C1560,Franco Acosta,Tolosa,2023-05-10,Gato,franco.acosta.1560@gmail.com
C1561,Sofía Castro,La Plata,2023-04-28,Perro,sofia.castro.1561@hotmail.com
C1562,Malena Torres,Los Hornos,2026-01-26,Ave,malena.torres.1562@gmail.com
C1563,Julieta Castro,Los Hornos,2025-03-02,Gato,julieta.castro.1563@outlook.com
C1564,Sofía Díaz,La Plata,2026-06-18,Perro,sofia.diaz.1564@yahoo.com.ar
C1565,Malena Ruiz,City Bell,2025-04-08,Gato,malena.ruiz.1565@hotmail.com
C1566,Bruno Álvarez,Los Hornos,2026-03-14,Gato,bruno.alvarez.1566@yahoo.com.ar
C1567,Benjamín Pérez,City Bell,2024-02-10,Perro y gato,benjamin.perez.1567@outlook.com
C1568,Santiago Martínez,City Bell,2025-03-09,Perro y gato,santiago.martinez.1568@yahoo.com.ar
C1569,Nicolás Fernández,Tolosa,2023-03-22,Gato,nicolas.fernandez.1569@gmail.com
C1570,Mateo Pérez,La Plata,2025-11-24,Gato,mateo.perez.1570@hotmail.com
C1571,Bruno Acosta,La Plata,2024-08-30,Perro y gato,bruno.acosta.1571@outlook.com
C1572,Sofía Sánchez,La Plata,2023-03-09,Ave,sofia.sanchez.1572@hotmail.com
C1573,Malena Benítez,Ringuelet,2025-09-30,Otro,malena.benitez.1573@yahoo.com.ar
C1574,Malena Castro,La Plata,2025-01-08,Otro,malena.castro.1574@hotmail.com
C1575,Facundo Rodríguez,Gonnet,2023-06-03,Perro,facundo.rodriguez.1575@hotmail.com
C1576,Delfina Castro,Los Hornos,2024-10-20,Otro,delfina.castro.1576@hotmail.com
C1577,Lucía Rodríguez,Los Hornos,2023-12-03,Perro,lucia.rodriguez.1577@hotmail.com
C1578,Facundo Silva,La Plata,2023-01-10,Perro y gato,facundo.silva.1578@hotmail.com
C1579,Lucía Gómez,,2025-07-16,Gato,lucia.gomez.1579@gmail.com
C1580,Bruno Sánchez,City Bell,2026-02-07,Perro y gato,bruno.sanchez.1580@gmail.com
C1581,Facundo Díaz,Berisso,2025-07-27,Perro,facundo.diaz.1581@outlook.com
C1582,Santiago Rodríguez,La Plata,2023-01-07,Ave,santiago.rodriguez.1582@gmail.com
C1583,Bruno González,Los Hornos,2024-05-24,Perro y gato,bruno.gonzalez.1583@gmail.com
C1584,Tomás Torres,Los Hornos,2026-03-20,Perro y gato,tomas.torres.1584@yahoo.com.ar
C1585,Martina Martínez,La Plata,2025-12-23,Gato,martina.martinez.1585@outlook.com
C1586,Franco Rodríguez,Ringuelet,2025-07-30,Perro,franco.rodriguez.1586@hotmail.com
C1587,Bautista Rossi,La Plata,2025-04-09,Perro y gato,bautista.rossi.1587@hotmail.com
C1588,Lucía Martínez,Los Hornos,2023-07-31,Gato,lucia.martinez.1588@hotmail.com
C1589,Tomás Acosta,Los Hornos,2023-02-01,Gato,tomas.acosta.1589@gmail.com
C1590,Santiago Martínez,Berisso,2026-04-09,Ave,santiago.martinez.1590@outlook.com
C1591,Delfina Díaz,Tolosa,2025-03-30,Gato,delfina.diaz.1591@outlook.com
C1592,Martina Castro,La Plata,2023-01-27,Perro,martina.castro.1592@gmail.com
C1593,Santiago López,La Plata,2023-09-11,Perro,santiago.lopez.1593@outlook.com
C1594,Benjamín Herrera,La Plata,2023-09-09,Gato,benjamin.herrera.1594@yahoo.com.ar
C1595,Martina Gómez,City Bell,2023-03-10,Perro y gato,martina.gomez.1595@outlook.com
C1596,Delfina Rossi,Ensenada,2024-07-04,Ave,delfina.rossi.1596@outlook.com
C1597,Tomás Gómez,Los Hornos,2025-04-14,Otro,tomas.gomez.1597@hotmail.com
C1598,Delfina Díaz,La Plata,2023-09-30,Perro,delfina.diaz.1598@outlook.com
C1599,Sofía Ruiz,La Plata,2025-10-10,Perro y gato,sofia.ruiz.1599hotmail.com
C1600,Malena Díaz,Villa Elisa,2023-02-27,Gato,malena.diaz.1600@outlook.com
C1601,Joaquín Sánchez,La Plata,2025-01-10,Gato,joaquin.sanchez.1601@gmail.com
C1602,Camila López,Villa Elisa,2023-12-17,Gato,camila.lopez.1602@yahoo.com.ar
C1603,Delfina Silva,City Bell,2026-02-26,Otro,delfina.silva.1603@gmail.com
C1604,Delfina Acosta,Los Hornos,2025-08-10,Otro,delfina.acosta.1604@gmail.com
C1605,Martina González,Ensenada,2023-12-05,Perro y gato,martina.gonzalez.1605@gmail.com
C1606,Mateo Fernández,Tolosa,2026-04-17,Gato,mateo.fernandez.1606@yahoo.com.ar
C1607,Tomás Castro,City Bell,2025-09-21,Otro,tomas.castro.1607@yahoo.com.ar
C1608,Facundo Suárez,Los Hornos,2023-01-22,Gato,facundo.suarez.1608@hotmail.com
C1609,Tomás Martínez,Los Hornos,2023-11-17,Perro,tomas.martinez.1609@hotmail.com
C1610,Nicolás Ruiz,Los Hornos,2023-03-31,Perro,nicolas.ruiz.1610@hotmail.com
C1611,Candela Silva,Gonnet,2026-05-10,Perro,candela.silva.1611@gmail.com
C1612,Lucía Torres,City Bell,2023-03-14,Perro,lucia.torres.1612@outlook.com
C1613,Valentina Benítez,Ensenada,2025-12-21,Perro,valentina.benitez.1613@hotmail.com
C1614,Mateo Pérez,Los Hornos,2025-09-19,Gato,mateo.perez.1614@hotmail.com
C1615,Agustina Rossi,Los Hornos,2023-09-29,Otro,agustina.rossi.1615@hotmail.com
C1616,Valentina Rossi,City Bell,2025-03-19,Gato,valentina.rossi.1616@gmail.com
C1617,Candela Silva,Gonnet,2023-02-09,Perro y gato,candela.silva.1617@gmail.com
C1618,Tomás González,Gonnet,2025-07-31,Perro y gato,tomas.gonzalez.1618@gmail.com
C1619,Bautista Benítez,Tolosa,2024-01-14,Ave,bautista.benitez.1619@yahoo.com.ar
C1620,Franco Herrera,Ringuelet,2024-07-13,Ave,franco.herrera.1620@gmail.com
C1621,Joaquín González,La Plata,2023-11-30,Otro,joaquin.gonzalez.1621@outlook.com
C1622,Sofía Ruiz,City Bell,2026-03-15,Otro,sofia.ruiz.1622@outlook.com
C1623,Lucía Herrera,City Bell,2024-12-08,Perro y gato,lucia.herrera.1623@hotmail.com
C1624,Camila Torres,Ensenada,2026-02-28,Perro,camila.torres.1624@outlook.com
C1625,Valentina Benítez,Los Hornos,2024-04-21,Otro,valentina.benitez.1625@outlook.com
C1626,Facundo González,Tolosa,2026-06-23,Perro,facundo.gonzalez.1626@yahoo.com.ar
C1627,Franco López,La Plata,2023-04-05,Gato,franco.lopez.1627@gmail.com
C1628,Julieta Romero,City Bell,2026-05-18,Perro,julieta.romero.1628@gmail.com
C1629,Martina Fernández,Los Hornos,2026-01-27,Otro,martina.fernandez.1629@gmail.com
C1630,Lucía Torres,La Plata,2023-08-06,Ave,lucia.torres.1630@gmail.com
C1631,Franco Silva,City Bell,2025-10-26,Gato,franco.silva.1631@outlook.com
C1632,Candela Castro,La Plata,2024-07-20,Perro y gato,candela.castro.1632@gmail.com
C1633,Joaquín Herrera,Villa Elisa,2025-01-02,Gato,joaquin.herrera.1633@yahoo.com.ar
C1634,Joaquín Ruiz,,2024-06-13,Gato,joaquin.ruiz.1634@outlook.com
C1635,Nicolás Rossi,City Bell,2023-12-02,Perro,nicolas.rossi.1635@gmail.com
C1636,Malena Suárez,Villa Elisa,2026-02-09,Gato,malena.suarez.1636@outlook.com
C1637,Facundo López,Ensenada,2023-12-15,Otro,facundo.lopez.1637@gmail.com
C1638,Candela Benítez,La Plata,2025-12-31,Perro,candela.benitez.1638@hotmail.com
C1639,Mateo López,La Plata,2023-11-07,Otro,mateo.lopez.1639@gmail.com
C1640,Candela Fernández,Gonnet,2026-03-19,Otro,candela.fernandez.1640@yahoo.com.ar
C1641,Bautista Castro,City Bell,2024-06-23,Perro,bautista.castro.1641@gmail.com
C1642,Martina Torres,City Bell,2024-02-15,Ave,martina.torres.1642@outlook.com
C1643,Delfina Fernández,La Plata,2023-08-19,Gato,delfina.fernandez.1643@hotmail.com
C1644,Nicolás Pérez,Ringuelet,2024-02-18,Otro,nicolas.perez.1644@yahoo.com.ar
C1645,Bautista Benítez,City Bell,2024-02-25,Ave,bautista.benitez.1645@hotmail.com
C1646,Bruno Ruiz,La Plata,2023-04-16,Perro y gato,bruno.ruiz.1646@gmail.com
C1647,Camila Benítez,Tolosa,2025-02-25,Gato,camila.benitez.1647@yahoo.com.ar
C1648,Franco Sánchez,La Plata,2025-06-16,Gato,franco.sanchez.1648@yahoo.com.ar
C1649,Camila Herrera,Los Hornos,2025-08-19,Perro,camila.herrera.1649@hotmail.com
C1650,Camila Romero,Los Hornos,2024-05-08,Otro,camila.romero.1650@yahoo.com.ar
C1651,Joaquín Martínez,La Plata,2023-04-27,Otro,joaquin.martinez.1651@yahoo.com.ar
C1652,Candela Herrera,City Bell,2025-03-24,Otro,candela.herrera.1652@outlook.com
C1653,Benjamín Suárez,La Plata,2025-03-03,Perro,benjamin.suarez.1653@outlook.com
C1654,Sofía Acosta,City Bell,2023-11-30,Gato,sofia.acosta.1654@gmail.com
C1655,Agustina Álvarez,Los Hornos,2023-06-28,Gato,agustina.alvarez.1655@gmail.com
C1656,Agustina Rodríguez,Villa Elisa,2026-06-03,Perro y gato,agustina.rodriguez.1656@gmail.com
C1657,Benjamín Pérez,Los Hornos,2026-03-15,Otro,benjamin.perez.1657@hotmail.com
C1658,Joaquín Silva,Los Hornos,2023-07-20,Perro,joaquin.silva.1658@yahoo.com.ar
C1659,Tomás Acosta,Ensenada,2023-06-13,Gato,tomas.acosta.1659@yahoo.com.ar
C1660,Lucía Benítez,Gonnet,2024-10-26,Perro y gato,lucia.benitez.1660@outlook.com
C1661,Martina Benítez,Los Hornos,2023-10-01,Gato,martina.benitez.1661@gmail.com
C1662,Santiago Pérez,La Plata,2024-05-06,Ave,santiago.perez.1662@yahoo.com.ar
C1663,Julieta Ruiz,Villa Elisa,2023-07-05,Gato,julieta.ruiz.1663@yahoo.com.ar
C1664,Mateo Acosta,Ensenada,2024-03-01,Gato,mateo.acosta.1664@outlook.com
C1665,Mateo Gómez,City Bell,2026-05-17,Perro,mateo.gomez.1665@yahoo.com.ar
C1666,Franco Acosta,La Plata,2025-09-10,Perro,franco.acosta.1666@yahoo.com.ar
C1667,Bruno Romero,Ensenada,2023-04-12,Perro,bruno.romero.1667@yahoo.com.ar
C1668,Mateo López,La Plata,2025-06-22,Otro,mateo.lopez.1668@yahoo.com.ar
C1669,Santiago Rossi,Ringuelet,2023-04-27,Gato,santiago.rossi.1669@outlook.com
C1670,Delfina Rossi,La Plata,2023-01-31,Perro,delfina.rossi.1670@hotmail.com
C1671,Delfina Rodríguez,Los Hornos,2025-10-23,Gato,delfina.rodriguez.1671@hotmail.com
C1672,Joaquín Ruiz,Los Hornos,2025-10-30,Gato,joaquin.ruiz.1672@gmail.com
C1673,Tomás López,La Plata,2024-07-09,Perro,tomas.lopez.1673@outlook.com
C1674,Nicolás Benítez,Gonnet,2024-08-16,Perro y gato,nicolas.benitez.1674@yahoo.com.ar
C1675,Bautista Álvarez,Los Hornos,2024-01-22,Perro y gato,bautista.alvarez.1675@yahoo.com.ar
C1676,Delfina Pérez,La Plata,2024-09-28,Perro,delfina.perez.1676@yahoo.com.ar
C1677,Joaquín Benítez,La Plata,2023-09-09,Gato,joaquin.benitez.1677@outlook.com
C1678,Nicolás Romero,City Bell,2025-10-07,Ave,nicolas.romero.1678@hotmail.com
C1679,Lucía Suárez,City Bell,2023-10-26,Ave,lucia.suarez.1679@outlook.com
C1680,Lucía Castro,La Plata,2023-12-17,Perro,lucia.castro.1680@gmail.com
C1681,Santiago López,Tolosa,2024-07-19,Perro,santiago.lopez.1681@hotmail.com
C1682,Bautista López,City Bell,2023-06-25,Perro,bautista.lopez.1682@outlook.com
C1683,Camila Ruiz,City Bell,2024-03-08,Otro,camila.ruiz.1683@hotmail.com
C1684,Lucía Castro,Los Hornos,2023-03-27,Perro y gato,lucia.castro.1684@outlook.com
C1685,Facundo Rodríguez,La Plata,2023-11-17,Perro y gato,facundo.rodriguez.1685@yahoo.com.ar
C1686,Facundo Herrera,Los Hornos,2023-04-23,Gato,facundo.herrera.1686@yahoo.com.ar
C1687,Nicolás Pérez,Ringuelet,2025-02-12,Perro y gato,nicolas.perez.1687@outlook.com
C1688,Facundo Herrera,Ringuelet,2024-08-15,Gato,facundo.herrera.1688@outlook.com
C1689,Lucía Castro,Los Hornos,2024-05-24,Gato,lucia.castro.1689@hotmail.com
C1690,Lucía Sánchez,La Plata,2026-05-27,Perro,lucia.sanchez.1690@hotmail.com
C1691,Santiago Martínez,Berisso,2024-01-27,Ave,santiago.martinez.1691@gmail.com
C1692,Benjamín Martínez,Los Hornos,2025-10-05,Gato,benjamin.martinez.1692@gmail.com
C1693,Lucía Suárez,City Bell,2024-02-22,Gato,lucia.suarez.1693@hotmail.com
C1694,Malena Martínez,Los Hornos,2023-12-07,Perro y gato,malena.martinez.1694@hotmail.com
C1695,Nicolás Romero,City Bell,2025-04-20,Perro,nicolas.romero.1695@hotmail.com
C1696,Martina Fernández,Los Hornos,2025-04-23,Perro y gato,martina.fernandez.1696@gmail.com
C1697,Bautista Rossi,La Plata,2023-07-05,Gato,bautista.rossi.1697@hotmail.com
C1698,Tomás Pérez,La Plata,2024-04-22,Gato,tomas.perez.1698@yahoo.com.ar
C1699,Tomás Castro,City Bell,2023-12-27,Perro y gato,tomas.castro.1699@gmail.com
C1700,Delfina Díaz,,2023-03-06,Perro,delfina.diaz.1700@gmail.com
C1701,Candela Fernández,Ringuelet,2024-07-26,Otro,candela.fernandez.1701@yahoo.com.ar
C1702,Tomás Pérez,La Plata,2023-05-20,Perro y gato,tomas.perez.1702@yahoo.com.ar
C1703,Malena Fernández,Ringuelet,2024-08-14,Perro,malena.fernandez.1703@outlook.com
C1704,Franco Álvarez,La Plata,2025-08-15,Perro y gato,franco.alvarez.1704@outlook.com
C1705,Nicolás Silva,City Bell,2024-09-09,Perro,nicolas.silva.1705@hotmail.com
C1706,Valentina Martínez,City Bell,2025-05-22,Perro,valentina.martinez.1706@outlook.com
C1707,Sofía Romero,La Plata,2023-09-08,Gato,sofia.romero.1707@gmail.com
C1708,Facundo Torres,La Plata,2024-11-28,Otro,facundo.torres.1708@yahoo.com.ar
C1709,Nicolás Benítez,City Bell,2026-03-28,Ave,nicolas.benitez.1709@yahoo.com.ar
C1710,Agustina Castro,La Plata,2025-03-12,Ave,agustina.castro.1710@yahoo.com.ar
C1711,Camila Díaz,City Bell,2023-06-08,Ave,camila.diaz.1711@hotmail.com
C1712,Franco Pérez,City Bell,2024-06-21,Perro,franco.perez.1712@outlook.com
C1713,Benjamín Díaz,La Plata,2025-05-19,Perro y gato,benjamin.diaz.1713@yahoo.com.ar
C1714,Tomás Gómez,Ensenada,2025-02-09,Perro y gato,tomas.gomez.1714@hotmail.com
C1715,Malena Rodríguez,Berisso,2024-12-28,Gato,malena.rodriguez.1715@outlook.com
C1716,Bautista Castro,Ensenada,2023-06-06,Gato,bautista.castro.1716@gmail.com
C1717,Valentina Rodríguez,Tolosa,2025-11-18,Perro,valentina.rodriguez.1717@yahoo.com.ar
C1718,Bautista Rossi,La Plata,2023-10-27,Perro,bautista.rossi.1718@outlook.com
C1719,Santiago Herrera,La Plata,2023-04-11,Perro,santiago.herrera.1719@hotmail.com
C1720,Franco González,La Plata,2024-10-12,Ave,franco.gonzalez.1720@yahoo.com.ar
C1721,Tomás Rodríguez,Villa Elisa,2025-06-01,Otro,tomas.rodriguez.1721@gmail.com
C1722,Tomás Silva,Los Hornos,2024-08-18,Gato,tomas.silva.1722@outlook.com
C1723,Santiago López,Ringuelet,2024-05-01,Perro,santiago.lopez.1723@gmail.com
C1724,Delfina Fernández,Los Hornos,2023-05-22,Otro,delfina.fernandez.1724@hotmail.com
C1725,Malena Martínez,Tolosa,2024-06-03,Perro,malena.martinez.1725@gmail.com
C1726,Candela Benítez,Ringuelet,2024-09-05,Perro,candela.benitez.1726@gmail.com
C1727,Tomás Suárez,Los Hornos,2023-09-21,Perro y gato,tomas.suarez.1727@outlook.com
C1728,Sofía Díaz,La Plata,2024-01-02,Gato,sofia.diaz.1728@outlook.com
C1729,Facundo Díaz,City Bell,2023-11-05,Perro y gato,facundo.diaz.1729@outlook.com
C1730,Julieta Rodríguez,Villa Elisa,2025-10-01,Perro,julieta.rodriguez.1730@gmail.com
C1731,Lucía Silva,Los Hornos,2024-07-11,Perro,lucia.silva.1731@gmail.com
C1732,Martina Sánchez,Ringuelet,2025-06-11,Perro y gato,martina.sanchez.1732@hotmail.com
C1733,Agustina Fernández,Berisso,2025-05-07,Ave,agustina.fernandez.1733@yahoo.com.ar
C1734,Mateo Castro,La Plata,2024-06-04,Ave,mateo.castro.1734@hotmail.com
C1735,Delfina Pérez,La Plata,2024-04-10,Perro y gato,delfina.perez.1735@yahoo.com.ar
C1736,Delfina Rossi,Los Hornos,2025-10-01,Perro y gato,delfina.rossi.1736@outlook.com
C1737,Santiago López,Los Hornos,2024-10-13,Otro,santiago.lopez.1737@outlook.com
C1738,Lucía Álvarez,Ringuelet,2024-08-25,Perro,lucia.alvarez.1738@yahoo.com.ar
C1739,Martina Rodríguez,Ensenada,2023-10-07,Perro,martina.rodriguez.1739@outlook.com
C1740,Delfina Benítez,City Bell,2023-11-05,Ave,delfina.benitez.1740@yahoo.com.ar
C1741,Julieta Torres,City Bell,2025-08-25,Perro,julieta.torres.1741@outlook.com
C1742,Benjamín Benítez,Ringuelet,2023-06-27,Perro y gato,benjamin.benitez.1742@hotmail.com
C1743,Lucía López,City Bell,2025-03-08,Gato,lucia.lopez.1743@outlook.com
C1744,Camila Álvarez,Los Hornos,2026-05-15,Perro,camila.alvarez.1744@outlook.com
C1745,Tomás Rodríguez,Berisso,2024-12-25,Otro,tomas.rodriguez.1745@yahoo.com.ar
C1746,Camila López,La Plata,2023-12-24,Perro,camila.lopez.1746@yahoo.com.ar
C1747,Franco Rossi,La Plata,2026-01-31,Perro,franco.rossi.1747@hotmail.com
C1748,Malena Romero,City Bell,2025-05-11,Perro,malena.romero.1748@gmail.com
C1749,Mateo Ruiz,Villa Elisa,2023-09-24,Gato,mateo.ruiz.1749@outlook.com
C1750,Franco Martínez,City Bell,2025-04-25,Otro,franco.martinez.1750@yahoo.com.ar
C1751,Franco Herrera,City Bell,2023-12-23,Otro,franco.herrera.1751yahoo.com.ar
C1752,Tomás Herrera,Gonnet,2023-09-07,Ave,tomas.herrera.1752@outlook.com
C1753,Camila Torres,City Bell,2026-01-02,Otro,camila.torres.1753@yahoo.com.ar
C1754,Lucía Torres,Berisso,2025-10-15,Otro,lucia.torres.1754@outlook.com
C1755,Nicolás Castro,City Bell,2026-07-20,Perro,nicolas.castro.1755@gmail.com
C1756,Lucía Torres,La Plata,2024-09-09,Otro,lucia.torres.1756@hotmail.com
C1757,Candela Castro,La Plata,2026-01-28,Ave,candela.castro.1757@outlook.com
C1758,Martina Díaz,City Bell,2024-12-09,Ave,martina.diaz.1758@outlook.com
C1759,Santiago Rossi,Villa Elisa,2025-03-10,Otro,santiago.rossi.1759@hotmail.com
C1760,Agustina Pérez,City Bell,2024-10-03,Otro,agustina.perez.1760@gmail.com
C1761,Bautista Rossi,City Bell,2025-07-27,Perro,bautista.rossi.1761@hotmail.com
C1762,Martina González,Los Hornos,2026-02-23,Ave,martina.gonzalez.1762@outlook.com
C1763,Sofía Fernández,,2024-09-21,Gato,sofia.fernandez.1763@yahoo.com.ar
C1764,Santiago Pérez,Los Hornos,2026-06-25,Perro y gato,santiago.perez.1764@yahoo.com.ar
C1765,Delfina Martínez,Ensenada,2023-05-31,Ave,delfina.martinez.1765@outlook.com
C1766,Mateo Castro,Los Hornos,2024-02-14,Otro,mateo.castro.1766@gmail.com
C1767,Julieta Gómez,La Plata,2024-06-29,Perro,julieta.gomez.1767@hotmail.com
C1768,Bautista Ruiz,City Bell,2025-09-23,Otro,bautista.ruiz.1768@hotmail.com
C1769,Joaquín López,La Plata,2026-03-26,Gato,joaquin.lopez.1769@yahoo.com.ar
C1770,Nicolás Torres,Los Hornos,2023-08-01,Gato,nicolas.torres.1770@outlook.com
C1771,Martina López,Berisso,2024-08-23,Gato,martina.lopez.1771@gmail.com
C1772,Martina Rossi,La Plata,2023-12-24,Gato,martina.rossi.1772@outlook.com
C1773,Joaquín Acosta,La Plata,2026-02-04,Perro y gato,joaquin.acosta.1773@hotmail.com
C1774,Delfina Ruiz,Ensenada,2024-03-24,Gato,delfina.ruiz.1774@yahoo.com.ar
C1775,Tomás Pérez,Berisso,2025-01-07,Perro,tomas.perez.1775@yahoo.com.ar
C1776,Camila Martínez,La Plata,2024-10-17,Otro,camila.martinez.1776@yahoo.com.ar
C1777,Tomás Díaz,City Bell,2023-08-03,Perro,tomas.diaz.1777@yahoo.com.ar
C1778,Martina López,Los Hornos,2023-10-26,Otro,martina.lopez.1778@yahoo.com.ar
C1779,Julieta Díaz,Los Hornos,2023-01-06,Gato,julieta.diaz.1779@hotmail.com
C1780,Bruno Rossi,Los Hornos,2025-03-28,Ave,bruno.rossi.1780@hotmail.com
C1781,Lucía Silva,La Plata,2023-02-04,Perro,lucia.silva.1781@hotmail.com
C1782,Franco Sánchez,La Plata,2023-01-24,Gato,franco.sanchez.1782@hotmail.com
C1783,Franco Gómez,La Plata,2025-04-27,Ave,franco.gomez.1783@outlook.com
C1784,Agustina Rossi,Tolosa,2025-12-01,Ave,agustina.rossi.1784@gmail.com
C1785,Tomás Herrera,Ringuelet,2025-03-18,Ave,tomas.herrera.1785@hotmail.com
C1786,Agustina González,City Bell,2025-04-17,Gato,agustina.gonzalez.1786@outlook.com
C1787,Lucía Silva,La Plata,2025-05-29,Gato,lucia.silva.1787@yahoo.com.ar
C1788,Facundo Silva,Villa Elisa,2025-12-04,Gato,facundo.silva.1788@gmail.com
C1789,Candela Suárez,Berisso,2023-09-16,Perro y gato,candela.suarez.1789@yahoo.com.ar
C1790,Sofía Acosta,La Plata,2024-01-20,Perro y gato,sofia.acosta.1790@hotmail.com
C1791,Tomás Martínez,Los Hornos,2026-07-08,Otro,tomas.martinez.1791@outlook.com
C1792,Santiago Herrera,La Plata,2025-04-05,Perro y gato,santiago.herrera.1792@hotmail.com
C1793,Santiago Díaz,La Plata,2024-04-10,Gato,santiago.diaz.1793@gmail.com
C1794,Valentina Gómez,City Bell,2026-07-15,Gato,valentina.gomez.1794@yahoo.com.ar
C1795,Camila López,Ringuelet,2026-06-01,Otro,camila.lopez.1795@yahoo.com.ar
C1796,Lucía González,La Plata,2024-01-11,Perro y gato,lucia.gonzalez.1796@hotmail.com
C1797,Agustina Acosta,La Plata,2023-08-10,Gato,agustina.acosta.1797@hotmail.com
C1798,Delfina Benítez,City Bell,2023-10-28,Gato,delfina.benitez.1798@gmail.com
C1799,Sofía López,Tolosa,2024-07-06,Perro y gato,sofia.lopez.1799@hotmail.com
C1800,Valentina Rodríguez,Los Hornos,2026-03-23,Gato,valentina.rodriguez.1800@outlook.com
C1801,Malena Castro,La Plata,2023-11-27,Gato,malena.castro.1801@gmail.com
C1802,Martina Gómez,Los Hornos,2026-04-17,Perro,martina.gomez.1802@gmail.com
C1803,Martina Ruiz,Tolosa,2023-06-16,Perro,martina.ruiz.1803@outlook.com
C1804,Agustina Martínez,Ensenada,2025-04-29,Gato,agustina.martinez.1804@yahoo.com.ar
C1805,Tomás Pérez,Villa Elisa,2024-12-08,Perro y gato,tomas.perez.1805@hotmail.com
C1806,Joaquín Castro,La Plata,2026-06-23,Perro,joaquin.castro.1806@hotmail.com
C1807,Bautista Sánchez,City Bell,2023-03-19,Perro y gato,bautista.sanchez.1807@gmail.com
C1808,Joaquín López,Tolosa,2025-02-03,Gato,joaquin.lopez.1808@hotmail.com
C1809,Bautista Díaz,City Bell,2024-10-24,Gato,bautista.diaz.1809@yahoo.com.ar
C1810,Franco Gómez,La Plata,2023-10-13,Gato,franco.gomez.1810@hotmail.com
C1811,Tomás Martínez,,2024-08-16,Perro,tomas.martinez.1811@outlook.com
C1812,Martina Gómez,City Bell,2024-02-17,Perro,martina.gomez.1812@outlook.com
C1813,Lucía Rodríguez,City Bell,2023-07-31,Gato,lucia.rodriguez.1813@hotmail.com
C1814,Santiago Romero,City Bell,2024-11-24,Gato,santiago.romero.1814@outlook.com
C1815,Agustina Torres,Los Hornos,2025-07-29,Perro,agustina.torres.1815@gmail.com
C1816,Joaquín Rodríguez,City Bell,2024-11-03,Gato,joaquin.rodriguez.1816@hotmail.com
C1817,Agustina Silva,Ringuelet,2026-07-18,Ave,agustina.silva.1817@gmail.com
C1818,Martina Rossi,Villa Elisa,2024-02-10,Ave,martina.rossi.1818@yahoo.com.ar
C1819,Santiago Díaz,Los Hornos,2023-11-18,Gato,santiago.diaz.1819@yahoo.com.ar
C1820,Sofía Díaz,La Plata,2023-10-10,Perro y gato,sofia.diaz.1820@yahoo.com.ar
C1821,Camila Fernández,La Plata,2025-05-21,Perro,camila.fernandez.1821@hotmail.com
C1822,Candela González,Ringuelet,2025-11-16,Perro,candela.gonzalez.1822@hotmail.com
C1823,Nicolás González,La Plata,2025-11-25,Perro,nicolas.gonzalez.1823@yahoo.com.ar
C1824,Nicolás Romero,City Bell,2026-05-17,Gato,nicolas.romero.1824@yahoo.com.ar
C1825,Lucía González,Ringuelet,2025-03-23,Gato,lucia.gonzalez.1825@outlook.com
C1826,Delfina Díaz,Gonnet,2024-10-06,Otro,delfina.diaz.1826@yahoo.com.ar
C1827,Bautista Ruiz,City Bell,2026-02-05,Gato,bautista.ruiz.1827@yahoo.com.ar
C1828,Bruno Gómez,Gonnet,2024-12-23,Gato,bruno.gomez.1828@gmail.com
C1829,Sofía Ruiz,Villa Elisa,2023-07-06,Ave,sofia.ruiz.1829@gmail.com
C1830,Julieta Martínez,Los Hornos,2025-02-06,Perro,julieta.martinez.1830@hotmail.com
C1831,Santiago González,Ringuelet,2023-08-08,Otro,santiago.gonzalez.1831@yahoo.com.ar
C1832,Mateo Torres,Ringuelet,2024-01-16,Ave,mateo.torres.1832@gmail.com
C1833,Delfina Herrera,Los Hornos,2024-02-11,Perro y gato,delfina.herrera.1833@outlook.com
C1834,Facundo Ruiz,City Bell,2025-07-23,Perro,facundo.ruiz.1834@outlook.com
C1835,Bautista Rossi,City Bell,2026-05-01,Ave,bautista.rossi.1835@hotmail.com
C1836,Mateo Rodríguez,Gonnet,2026-05-25,Perro y gato,mateo.rodriguez.1836@yahoo.com.ar
C1837,Sofía Martínez,La Plata,2024-07-22,Gato,sofia.martinez.1837@outlook.com
C1838,Mateo López,City Bell,2023-12-29,Ave,mateo.lopez.1838@hotmail.com
C1839,Santiago Rossi,La Plata,2023-05-25,Ave,santiago.rossi.1839@yahoo.com.ar
C1840,Nicolás Castro,Los Hornos,2023-06-13,Perro,nicolas.castro.1840@gmail.com
C1841,Nicolás Romero,City Bell,2023-04-28,Perro,nicolas.romero.1841@hotmail.com
C1842,Julieta Fernández,La Plata,2024-04-11,Gato,julieta.fernandez.1842@outlook.com
C1843,Benjamín Ruiz,City Bell,2026-01-21,Perro,benjamin.ruiz.1843@hotmail.com
C1844,Agustina Álvarez,City Bell,2023-10-17,Ave,agustina.alvarez.1844@yahoo.com.ar
C1845,Bruno Benítez,Los Hornos,2024-05-28,Perro,
C1846,Mateo Álvarez,City Bell,2026-07-15,Gato,mateo.alvarez.1846@gmail.com
C1847,Mateo Romero,Los Hornos,2025-04-24,Perro y gato,mateo.romero.1847@yahoo.com.ar
C1848,Valentina Gómez,Berisso,2026-03-01,Perro,valentina.gomez.1848@hotmail.com
C1849,Candela Fernández,Los Hornos,2023-05-12,Gato,candela.fernandez.1849@yahoo.com.ar
C1850,Franco Sánchez,La Plata,2025-08-22,Ave,franco.sanchez.1850@outlook.com
C1851,Candela Benítez,City Bell,2023-02-13,Otro,candela.benitez.1851@outlook.com
C1852,Camila Pérez,City Bell,2024-04-20,Perro,camila.perez.1852@outlook.com
C1853,Bruno Acosta,City Bell,2026-02-17,Perro,bruno.acosta.1853@gmail.com
C1854,Joaquín López,Gonnet,2023-08-01,Otro,joaquin.lopez.1854@outlook.com
C1855,Sofía Álvarez,Los Hornos,2024-12-29,Otro,sofia.alvarez.1855@gmail.com
C1856,Julieta Suárez,Los Hornos,2025-11-09,Perro,julieta.suarez.1856@outlook.com
C1857,Franco Suárez,Berisso,2025-02-15,Gato,franco.suarez.1857@gmail.com
C1858,Joaquín Álvarez,Ringuelet,2023-09-20,Gato,joaquin.alvarez.1858@hotmail.com
C1859,Agustina Romero,Tolosa,2024-01-09,Gato,agustina.romero.1859@gmail.com
C1860,Julieta Benítez,Ensenada,2024-03-08,Perro,julieta.benitez.1860@yahoo.com.ar
C1861,Sofía López,Villa Elisa,2023-07-14,Gato,sofia.lopez.1861@gmail.com
C1862,Santiago Acosta,Tolosa,2024-04-16,Ave,santiago.acosta.1862@outlook.com
C1863,Julieta Herrera,Los Hornos,2023-01-08,Gato,julieta.herrera.1863@yahoo.com.ar
C1864,Camila Torres,Gonnet,2025-11-02,Perro,camila.torres.1864@yahoo.com.ar
C1865,Mateo Pérez,City Bell,2024-02-17,Gato,mateo.perez.1865@outlook.com
C1866,Mateo González,Los Hornos,2025-05-08,Ave,mateo.gonzalez.1866@hotmail.com
C1867,Valentina Fernández,Gonnet,2023-07-13,Ave,valentina.fernandez.1867@hotmail.com
C1868,Facundo González,Villa Elisa,2024-01-01,Perro y gato,facundo.gonzalez.1868@outlook.com
C1869,Camila Fernández,City Bell,2025-08-27,Gato,camila.fernandez.1869@hotmail.com
C1870,Bruno González,Gonnet,2025-11-05,Ave,bruno.gonzalez.1870@hotmail.com
C1871,Delfina Fernández,Los Hornos,2025-06-20,Perro,delfina.fernandez.1871@yahoo.com.ar
C1872,Valentina Torres,La Plata,2023-11-28,Gato,valentina.torres.1872@yahoo.com.ar
C1873,Bautista González,La Plata,2023-09-07,Perro,bautista.gonzalez.1873@gmail.com
C1874,Julieta Álvarez,City Bell,2024-06-12,Gato,julieta.alvarez.1874@gmail.com
C1875,Julieta Romero,City Bell,2023-10-12,Gato,julieta.romero.1875@outlook.com
C1876,Candela Castro,La Plata,2025-02-20,Perro,candela.castro.1876@gmail.com
C1877,Valentina González,Los Hornos,2023-12-27,Gato,valentina.gonzalez.1877@gmail.com
C1878,Sofía Silva,Tolosa,2025-06-12,Gato,sofia.silva.1878@hotmail.com
C1879,Tomás Rossi,Berisso,2026-01-06,Gato,tomas.rossi.1879@hotmail.com
C1880,Malena Fernández,City Bell,2023-08-13,Perro,malena.fernandez.1880@gmail.com
C1881,Facundo Martínez,Los Hornos,2025-12-27,Perro y gato,facundo.martinez.1881@outlook.com
C1882,Joaquín Benítez,Ringuelet,2023-11-22,Ave,joaquin.benitez.1882@gmail.com
C1883,Joaquín Álvarez,Los Hornos,2023-10-02,Perro y gato,joaquin.alvarez.1883@gmail.com
C1884,Malena Castro,City Bell,2025-04-28,Gato,malena.castro.1884@outlook.com
C1885,Julieta Silva,City Bell,2025-10-27,Perro,julieta.silva.1885@gmail.com
C1886,Facundo Romero,Tolosa,2024-08-09,Otro,facundo.romero.1886@hotmail.com
C1887,Candela Castro,Los Hornos,2025-09-10,Gato,candela.castro.1887@gmail.com
C1888,Delfina Romero,Los Hornos,2025-02-08,Ave,delfina.romero.1888@outlook.com
C1889,Franco Díaz,,2024-10-02,Otro,franco.diaz.1889@hotmail.com
C1890,Bruno Castro,Ensenada,2023-08-09,Perro,bruno.castro.1890@hotmail.com
C1891,Tomás Rossi,Villa Elisa,2025-04-11,Perro,tomas.rossi.1891@hotmail.com
C1892,Santiago González,City Bell,2024-03-30,Gato,santiago.gonzalez.1892@outlook.com
C1893,Bruno González,Los Hornos,2023-07-11,Gato,bruno.gonzalez.1893@outlook.com
C1894,Valentina Rossi,City Bell,2024-08-29,Perro y gato,valentina.rossi.1894@yahoo.com.ar
C1895,Nicolás González,Los Hornos,2025-11-13,Perro,nicolas.gonzalez.1895@outlook.com
C1896,Agustina Díaz,Los Hornos,2025-05-23,Gato,agustina.diaz.1896@hotmail.com
C1897,Martina Rossi,Gonnet,2024-08-30,Perro y gato,martina.rossi.1897@outlook.com
C1898,Delfina Fernández,City Bell,2025-08-06,Gato,delfina.fernandez.1898@outlook.com
C1899,Mateo Herrera,La Plata,2023-11-29,Gato,mateo.herrera.1899@yahoo.com.ar
C1900,Lucía Ruiz,La Plata,2023-12-10,Perro,lucia.ruiz.1900@hotmail.com
C1901,Nicolás Sánchez,Gonnet,2024-08-12,Perro,nicolas.sanchez.1901@gmail.com
C1902,Bruno Acosta,Los Hornos,2023-04-04,Perro y gato,bruno.acosta.1902@gmail.com
C1903,Malena Castro,City Bell,2023-08-16,Gato,malena.castro.1903gmail.com
C1904,Lucía González,Villa Elisa,2025-01-18,Otro,lucia.gonzalez.1904@hotmail.com
C1905,Facundo Acosta,La Plata,2023-05-27,Ave,facundo.acosta.1905@gmail.com
C1906,Martina Rossi,Berisso,2025-10-01,Gato,martina.rossi.1906@gmail.com
C1907,Santiago González,Los Hornos,2023-05-21,Ave,santiago.gonzalez.1907@yahoo.com.ar
C1908,Benjamín González,Los Hornos,2026-06-13,Ave,benjamin.gonzalez.1908@outlook.com
C1909,Bautista López,Berisso,2024-02-25,Gato,bautista.lopez.1909@hotmail.com
C1910,Joaquín Silva,La Plata,2024-12-10,Perro,joaquin.silva.1910@outlook.com
C1911,Franco Martínez,Los Hornos,2023-12-27,Otro,franco.martinez.1911@hotmail.com
C1912,Joaquín Romero,La Plata,2024-01-19,Perro,joaquin.romero.1912@outlook.com
C1913,Delfina Díaz,Villa Elisa,2026-07-22,Gato,delfina.diaz.1913@gmail.com
C1914,Facundo Fernández,Berisso,2025-12-11,Gato,facundo.fernandez.1914@yahoo.com.ar
C1915,Agustina Díaz,Villa Elisa,2023-04-18,Perro y gato,agustina.diaz.1915@yahoo.com.ar
C1916,Facundo Acosta,Ensenada,2024-08-21,Perro y gato,facundo.acosta.1916@outlook.com
C1917,Delfina Torres,La Plata,2025-09-29,Gato,delfina.torres.1917@outlook.com
C1918,Candela Fernández,City Bell,2025-03-30,Gato,candela.fernandez.1918@gmail.com
C1919,Candela González,Gonnet,2024-09-06,Otro,candela.gonzalez.1919@hotmail.com
C1920,Camila Benítez,Los Hornos,2024-09-07,Otro,camila.benitez.1920@hotmail.com
C1921,Camila Rodríguez,Los Hornos,2023-02-19,Gato,camila.rodriguez.1921@yahoo.com.ar
C1922,Franco Pérez,La Plata,2026-02-20,Otro,franco.perez.1922@outlook.com
C1923,Santiago Benítez,City Bell,2023-03-24,Otro,santiago.benitez.1923@hotmail.com
C1924,Joaquín Sánchez,City Bell,2023-05-06,Ave,joaquin.sanchez.1924@hotmail.com
C1925,Joaquín Sánchez,City Bell,2024-03-24,Perro y gato,joaquin.sanchez.1925@outlook.com
C1926,Nicolás González,Los Hornos,2025-05-22,Gato,nicolas.gonzalez.1926@yahoo.com.ar
C1927,Benjamín Herrera,Tolosa,2023-06-05,Otro,benjamin.herrera.1927@hotmail.com
C1928,Valentina González,Tolosa,2024-10-21,Perro y gato,valentina.gonzalez.1928@gmail.com
C1929,Nicolás Rodríguez,La Plata,2023-08-04,Perro,nicolas.rodriguez.1929@gmail.com
C1930,Mateo Herrera,La Plata,2025-05-10,Gato,mateo.herrera.1930@hotmail.com
C1931,Sofía López,Gonnet,2025-05-15,Perro,sofia.lopez.1931@yahoo.com.ar
C1932,Camila Romero,Los Hornos,2023-02-02,Otro,camila.romero.1932@gmail.com
C1933,Martina Acosta,Ringuelet,2025-05-18,Perro y gato,martina.acosta.1933@yahoo.com.ar
C1934,Camila Ruiz,La Plata,2024-06-25,Perro y gato,camila.ruiz.1934@gmail.com
C1935,Delfina Sánchez,City Bell,2023-11-23,Perro,delfina.sanchez.1935@gmail.com
C1936,Agustina Acosta,City Bell,2023-01-24,Perro,agustina.acosta.1936@hotmail.com
C1937,Delfina Benítez,Ensenada,2024-04-11,Perro,delfina.benitez.1937@outlook.com
C1938,Valentina Álvarez,,2026-05-06,Otro,valentina.alvarez.1938@outlook.com
C1939,Santiago Romero,City Bell,2026-05-23,Perro y gato,santiago.romero.1939@outlook.com
C1940,Nicolás Rodríguez,City Bell,2026-04-27,Otro,nicolas.rodriguez.1940@yahoo.com.ar
C1941,Sofía López,La Plata,2026-05-26,Otro,sofia.lopez.1941@yahoo.com.ar
C1942,Sofía Ruiz,City Bell,2024-08-26,Gato,sofia.ruiz.1942@outlook.com
C1943,Santiago González,Ringuelet,2024-08-19,Perro,santiago.gonzalez.1943@hotmail.com
C1944,Tomás Álvarez,Gonnet,2025-12-22,Perro,tomas.alvarez.1944@gmail.com
C1945,Joaquín López,Los Hornos,2024-02-20,Gato,joaquin.lopez.1945@gmail.com
C1946,Joaquín Herrera,Ringuelet,2024-04-13,Otro,joaquin.herrera.1946@hotmail.com
C1947,Camila Torres,City Bell,2025-11-20,Ave,camila.torres.1947@yahoo.com.ar
C1948,Delfina Castro,La Plata,2025-12-29,Perro y gato,delfina.castro.1948@outlook.com
C1949,Benjamín Gómez,La Plata,2026-05-18,Perro,benjamin.gomez.1949@outlook.com
C1950,Malena Ruiz,City Bell,2024-06-29,Ave,malena.ruiz.1950@hotmail.com
C1951,Nicolás Martínez,City Bell,2023-04-28,Ave,nicolas.martinez.1951@outlook.com
C1952,Franco Suárez,City Bell,2026-04-30,Gato,franco.suarez.1952@yahoo.com.ar
C1953,Franco Acosta,Los Hornos,2023-05-07,Perro,franco.acosta.1953@yahoo.com.ar
C1954,Julieta Romero,Los Hornos,2023-09-18,Gato,julieta.romero.1954@outlook.com
C1955,Lucía Álvarez,Tolosa,2023-05-29,Otro,lucia.alvarez.1955@outlook.com
C1956,Mateo Martínez,Los Hornos,2023-05-09,Perro,mateo.martinez.1956@yahoo.com.ar
C1957,Bautista Álvarez,City Bell,2023-04-03,Perro,bautista.alvarez.1957@hotmail.com
C1958,Valentina Castro,Los Hornos,2024-04-03,Otro,valentina.castro.1958@outlook.com
C1959,Candela Torres,Los Hornos,2024-08-19,Perro,candela.torres.1959@gmail.com
C1960,Sofía Silva,Gonnet,2024-07-14,Ave,sofia.silva.1960@outlook.com
C1961,Santiago Suárez,City Bell,2024-03-23,Perro y gato,santiago.suarez.1961@yahoo.com.ar
C1962,Delfina Benítez,Los Hornos,2023-02-24,Otro,delfina.benitez.1962@gmail.com
C1963,Valentina López,La Plata,2025-08-23,Perro y gato,valentina.lopez.1963@yahoo.com.ar
C1964,Camila Fernández,Tolosa,2025-07-12,Otro,camila.fernandez.1964@gmail.com
C1965,Bruno López,Gonnet,2025-04-21,Gato,bruno.lopez.1965@outlook.com
C1966,Delfina Castro,Gonnet,2026-03-24,Gato,delfina.castro.1966@gmail.com
C1967,Sofía Acosta,Los Hornos,2024-10-11,Gato,sofia.acosta.1967@hotmail.com
C1968,Martina Sánchez,Gonnet,2024-08-23,Perro,martina.sanchez.1968@gmail.com
C1969,Bruno Suárez,Los Hornos,2026-06-27,Ave,bruno.suarez.1969@gmail.com
C1970,Bruno Suárez,City Bell,2026-03-12,Otro,bruno.suarez.1970@hotmail.com
C1971,Camila Sánchez,La Plata,2026-02-23,Perro,camila.sanchez.1971@yahoo.com.ar
C1972,Facundo Herrera,Los Hornos,2025-05-27,Gato,facundo.herrera.1972@gmail.com
C1973,Bruno Fernández,Los Hornos,2026-06-19,Otro,bruno.fernandez.1973@outlook.com
C1974,Julieta Silva,La Plata,2025-03-30,Perro,julieta.silva.1974@outlook.com
C1975,Facundo Benítez,La Plata,2024-09-26,Perro,facundo.benitez.1975@yahoo.com.ar
C1976,Malena Gómez,La Plata,2026-01-13,Ave,malena.gomez.1976@yahoo.com.ar
C1977,Bautista Pérez,City Bell,2026-03-28,Otro,bautista.perez.1977@gmail.com
C1978,Delfina Silva,City Bell,2025-10-03,Perro,delfina.silva.1978@outlook.com
C1979,Martina Díaz,Ringuelet,2024-11-14,Gato,martina.diaz.1979@yahoo.com.ar
C1980,Franco Fernández,Berisso,2023-03-21,Otro,franco.fernandez.1980@yahoo.com.ar
C1981,Camila Romero,Villa Elisa,2025-10-23,Perro,camila.romero.1981@hotmail.com
C1982,Franco Torres,La Plata,2023-06-01,Perro,franco.torres.1982@yahoo.com.ar
C1983,Delfina Benítez,,2025-05-02,Otro,delfina.benitez.1983@hotmail.com
C1984,Martina Suárez,La Plata,2026-07-07,Perro,martina.suarez.1984@gmail.com
C1985,Benjamín González,Tolosa,2023-08-22,Gato,benjamin.gonzalez.1985@outlook.com
C1986,Camila González,Villa Elisa,2024-01-27,Gato,camila.gonzalez.1986@hotmail.com
C1987,Delfina Ruiz,La Plata,2026-07-04,Perro,delfina.ruiz.1987@outlook.com
C1988,Camila Sánchez,La Plata,2026-05-06,Perro y gato,camila.sanchez.1988@gmail.com
C1989,Joaquín Castro,La Plata,2025-04-23,Perro,joaquin.castro.1989@outlook.com
C1990,Lucía Benítez,La Plata,2024-03-20,Perro,lucia.benitez.1990@yahoo.com.ar
C1991,Valentina Rodríguez,Berisso,2023-07-31,Perro,valentina.rodriguez.1991@outlook.com
C1992,Mateo González,La Plata,2024-10-27,Gato,mateo.gonzalez.1992@hotmail.com
C1993,Camila Benítez,Los Hornos,2023-05-18,Gato,camila.benitez.1993@gmail.com
C1994,Camila Castro,La Plata,2023-08-29,Ave,camila.castro.1994@hotmail.com
C1995,Facundo Benítez,City Bell,2023-12-12,Ave,facundo.benitez.1995@hotmail.com
C1996,Santiago González,Los Hornos,2023-01-16,Perro,santiago.gonzalez.1996@outlook.com
C1997,Candela Herrera,La Plata,2025-07-20,Ave,candela.herrera.1997@outlook.com
C1998,Malena Romero,City Bell,2024-12-20,Gato,malena.romero.1998@yahoo.com.ar
C1999,Martina Díaz,La Plata,2023-11-26,Perro y gato,martina.diaz.1999@yahoo.com.ar
C2000,Delfina Rossi,Ensenada,2023-09-09,Otro,delfina.rossi.2000@hotmail.com
C_INVITADO,Cliente invitado,,,,
C_NO_ENCONTRADO,Cliente no encontrado,,,,
